ID,NumberAtts,Atts,metricOpt
5,6,"RERGL|79785,uc001rdq.2 TCEAL4|79921,uc004ekl.2 GYPC|2995,uc002tnq.2 uc001ebn.1 EXO1|9156,uc001hzi.2 JAZF1|221895,uc003szm.2",1.0
4,5,"RERGL|79785,uc001rdq.2 TCEAL4|79921,uc004ekl.2 GYPC|2995,uc002tnq.2 uc001ebn.1 EXO1|9156,uc001hzi.2",0.997
3,4,"RERGL|79785,uc001rdq.2 TCEAL4|79921,uc004ekl.2 GYPC|2995,uc002tnq.2 uc001ebn.1",0.977
2,3,"RERGL|79785,uc001rdq.2 TCEAL4|79921,uc004ekl.2 GYPC|2995,uc002tnq.2",0.974
1,2,"RERGL|79785,uc001rdq.2 TCEAL4|79921,uc004ekl.2",0.95
0,1,"RERGL|79785,uc001rdq.2",0.94
