ID,NumberAtts,Atts,metricOpt
7,8,"VIT|5212,uc002rpl.2 FN1|2335,uc002vfa.2 MMP27|64066,uc001phd.1 PCSK2|5126,uc002wpm.2 CLEC3B|7123,uc003cok.3 GPM6B|2824,uc004cvz.2 NRXN1|9378,uc002rxb.3 DENND1A|57706,uc011lzm.1",0.971
6,7,"VIT|5212,uc002rpl.2 FN1|2335,uc002vfa.2 MMP27|64066,uc001phd.1 PCSK2|5126,uc002wpm.2 CLEC3B|7123,uc003cok.3 GPM6B|2824,uc004cvz.2 NRXN1|9378,uc002rxb.3",0.97
5,6,"VIT|5212,uc002rpl.2 FN1|2335,uc002vfa.2 MMP27|64066,uc001phd.1 PCSK2|5126,uc002wpm.2 CLEC3B|7123,uc003cok.3 GPM6B|2824,uc004cvz.2",0.945
4,5,"VIT|5212,uc002rpl.2 FN1|2335,uc002vfa.2 MMP27|64066,uc001phd.1 PCSK2|5126,uc002wpm.2 CLEC3B|7123,uc003cok.3",0.919
3,4,"VIT|5212,uc002rpl.2 FN1|2335,uc002vfa.2 MMP27|64066,uc001phd.1 PCSK2|5126,uc002wpm.2",0.862
2,3,"VIT|5212,uc002rpl.2 FN1|2335,uc002vfa.2 MMP27|64066,uc001phd.1",0.861
1,2,"VIT|5212,uc002rpl.2 FN1|2335,uc002vfa.2",0.658
0,1,"VIT|5212,uc002rpl.2",0.5
