ID,NumberAtts,Atts,metricOpt
8,9,"VIT|5212,uc002rpl.2 FN1|2335,uc002vfa.2 MMP27|64066,uc001phd.1 PCSK2|5126,uc002wpm.2 CLEC3B|7123,uc003cok.3 CMTM5|116173,uc001wjs.2 NRXN1|9378,uc002rxb.3 NR4A1|3164,uc001rzs.2 ATP2B4|493,uc001gzv.2",0.972
7,8,"VIT|5212,uc002rpl.2 FN1|2335,uc002vfa.2 MMP27|64066,uc001phd.1 PCSK2|5126,uc002wpm.2 CLEC3B|7123,uc003cok.3 CMTM5|116173,uc001wjs.2 NRXN1|9378,uc002rxb.3 NR4A1|3164,uc001rzs.2",0.971
6,7,"VIT|5212,uc002rpl.2 FN1|2335,uc002vfa.2 MMP27|64066,uc001phd.1 PCSK2|5126,uc002wpm.2 CLEC3B|7123,uc003cok.3 CMTM5|116173,uc001wjs.2 NRXN1|9378,uc002rxb.3",0.97
5,6,"VIT|5212,uc002rpl.2 FN1|2335,uc002vfa.2 MMP27|64066,uc001phd.1 PCSK2|5126,uc002wpm.2 CLEC3B|7123,uc003cok.3 CMTM5|116173,uc001wjs.2",0.944
4,5,"VIT|5212,uc002rpl.2 FN1|2335,uc002vfa.2 MMP27|64066,uc001phd.1 PCSK2|5126,uc002wpm.2 CLEC3B|7123,uc003cok.3",0.919
3,4,"VIT|5212,uc002rpl.2 FN1|2335,uc002vfa.2 MMP27|64066,uc001phd.1 PCSK2|5126,uc002wpm.2",0.835
2,3,"VIT|5212,uc002rpl.2 FN1|2335,uc002vfa.2 MMP27|64066,uc001phd.1",0.703
1,2,"VIT|5212,uc002rpl.2 FN1|2335,uc002vfa.2",0.632
0,1,"VIT|5212,uc002rpl.2",0.5
