ID,NumberAtts,Atts,metricOpt
5,6,"ACTN1|87,uc001xkn.2 PPAPDC1A|196051,uc001lev.1 MMP11|4320,uc002zxy.2 CD300LG|146894,uc010czl.2 CD300LG|146894,uc002iek.1 KY|339855,uc010hty.2",1.0
4,5,"ACTN1|87,uc001xkn.2 PPAPDC1A|196051,uc001lev.1 MMP11|4320,uc002zxy.2 CD300LG|146894,uc010czl.2 CD300LG|146894,uc002iek.1",0.995
3,4,"ACTN1|87,uc001xkn.2 PPAPDC1A|196051,uc001lev.1 MMP11|4320,uc002zxy.2 CD300LG|146894,uc010czl.2",0.977
2,3,"ACTN1|87,uc001xkn.2 PPAPDC1A|196051,uc001lev.1 MMP11|4320,uc002zxy.2",0.958
1,2,"ACTN1|87,uc001xkn.2 PPAPDC1A|196051,uc001lev.1",0.911
0,1,"ACTN1|87,uc001xkn.2",0.864
