ID,NumberAtts,Atts,metricOpt
6,7,"ACTN1|87,uc001xkn.2 MMP11|4320,uc002zxy.2 CD300LG|146894,uc010czl.2 CD300LG|146894,uc002iek.1 PPAPDC1A|196051,uc009xzl.1 SLC24A2|25769,uc003zob.1 ADAM33|80332,uc010zqg.1",1.0
5,6,"ACTN1|87,uc001xkn.2 MMP11|4320,uc002zxy.2 CD300LG|146894,uc010czl.2 CD300LG|146894,uc002iek.1 PPAPDC1A|196051,uc009xzl.1 SLC24A2|25769,uc003zob.1",0.995
4,5,"ACTN1|87,uc001xkn.2 MMP11|4320,uc002zxy.2 CD300LG|146894,uc010czl.2 CD300LG|146894,uc002iek.1 PPAPDC1A|196051,uc009xzl.1",0.991
3,4,"ACTN1|87,uc001xkn.2 MMP11|4320,uc002zxy.2 CD300LG|146894,uc010czl.2 CD300LG|146894,uc002iek.1",0.986
2,3,"ACTN1|87,uc001xkn.2 MMP11|4320,uc002zxy.2 CD300LG|146894,uc010czl.2",0.977
1,2,"ACTN1|87,uc001xkn.2 MMP11|4320,uc002zxy.2",0.949
0,1,"ACTN1|87,uc001xkn.2",0.883
