ID,NumberAtts,Atts,metricOpt
7,8,"ACTN1|87,uc001xkn.2 PPAPDC1A|196051,uc001lev.1 MMP11|4320,uc002zxy.2 PPAPDC1A|196051,uc001lew.1 CD300LG|146894,uc010czl.2 CD300LG|146894,uc002iek.1 PPAPDC1A|196051,uc009xzl.1 PLAC1|10761,uc004exo.1",1.0
6,7,"ACTN1|87,uc001xkn.2 PPAPDC1A|196051,uc001lev.1 MMP11|4320,uc002zxy.2 PPAPDC1A|196051,uc001lew.1 CD300LG|146894,uc010czl.2 CD300LG|146894,uc002iek.1 PPAPDC1A|196051,uc009xzl.1",0.995
5,6,"ACTN1|87,uc001xkn.2 PPAPDC1A|196051,uc001lev.1 MMP11|4320,uc002zxy.2 PPAPDC1A|196051,uc001lew.1 CD300LG|146894,uc010czl.2 CD300LG|146894,uc002iek.1",0.991
4,5,"ACTN1|87,uc001xkn.2 PPAPDC1A|196051,uc001lev.1 MMP11|4320,uc002zxy.2 PPAPDC1A|196051,uc001lew.1 CD300LG|146894,uc010czl.2",0.977
3,4,"ACTN1|87,uc001xkn.2 PPAPDC1A|196051,uc001lev.1 MMP11|4320,uc002zxy.2 PPAPDC1A|196051,uc001lew.1",0.953
2,3,"ACTN1|87,uc001xkn.2 PPAPDC1A|196051,uc001lev.1 MMP11|4320,uc002zxy.2",0.935
1,2,"ACTN1|87,uc001xkn.2 PPAPDC1A|196051,uc001lev.1",0.902
0,1,"ACTN1|87,uc001xkn.2",0.855
