ID,NumberAtts,Atts,metricOpt
10,11,"RPL5|6125,uc001doz.2 PI16|221476,uc003ona.2 XKR4|114786,uc003xsf.2 C16orf89|146556,uc002cyk.3 F10|2159,uc001vsx.2 RXRG|6258,uc001gda.2 C16orf89|146556,uc010bud.2 RBM24|221662,uc003nbz.3 LSP1|4046,uc001luk.2 ADAM33|80332,uc002wit.2 MOB2|81532,uc010qwz.1",0.944
9,10,"RPL5|6125,uc001doz.2 PI16|221476,uc003ona.2 XKR4|114786,uc003xsf.2 C16orf89|146556,uc002cyk.3 F10|2159,uc001vsx.2 RXRG|6258,uc001gda.2 C16orf89|146556,uc010bud.2 RBM24|221662,uc003nbz.3 LSP1|4046,uc001luk.2 ADAM33|80332,uc002wit.2",0.942
8,9,"RPL5|6125,uc001doz.2 PI16|221476,uc003ona.2 XKR4|114786,uc003xsf.2 C16orf89|146556,uc002cyk.3 F10|2159,uc001vsx.2 RXRG|6258,uc001gda.2 C16orf89|146556,uc010bud.2 RBM24|221662,uc003nbz.3 LSP1|4046,uc001luk.2",0.941
7,8,"RPL5|6125,uc001doz.2 PI16|221476,uc003ona.2 XKR4|114786,uc003xsf.2 C16orf89|146556,uc002cyk.3 F10|2159,uc001vsx.2 RXRG|6258,uc001gda.2 C16orf89|146556,uc010bud.2 RBM24|221662,uc003nbz.3",0.94
6,7,"RPL5|6125,uc001doz.2 PI16|221476,uc003ona.2 XKR4|114786,uc003xsf.2 C16orf89|146556,uc002cyk.3 F10|2159,uc001vsx.2 RXRG|6258,uc001gda.2 C16orf89|146556,uc010bud.2",0.916
5,6,"RPL5|6125,uc001doz.2 PI16|221476,uc003ona.2 XKR4|114786,uc003xsf.2 C16orf89|146556,uc002cyk.3 F10|2159,uc001vsx.2 RXRG|6258,uc001gda.2",0.89
4,5,"RPL5|6125,uc001doz.2 PI16|221476,uc003ona.2 XKR4|114786,uc003xsf.2 C16orf89|146556,uc002cyk.3 F10|2159,uc001vsx.2",0.888
3,4,"RPL5|6125,uc001doz.2 PI16|221476,uc003ona.2 XKR4|114786,uc003xsf.2 C16orf89|146556,uc002cyk.3",0.865
2,3,"RPL5|6125,uc001doz.2 PI16|221476,uc003ona.2 XKR4|114786,uc003xsf.2",0.86
1,2,"RPL5|6125,uc001doz.2 PI16|221476,uc003ona.2",0.835
0,1,"RPL5|6125,uc001doz.2",0.5
