ID,NumberAtts,Atts,metricOpt
8,9,"RPL5|6125,uc001doz.2 CMTM5|116173,uc001wjs.2 PI16|221476,uc003ona.2 XKR4|114786,uc003xsf.2 C16orf89|146556,uc002cyk.3 C16orf89|146556,uc010bud.2 FXYD1|5348,uc002nyc.2 NRXN1|9378,uc002rxd.1 ABCC8|6833,uc001mnc.2",0.915
7,8,"RPL5|6125,uc001doz.2 CMTM5|116173,uc001wjs.2 PI16|221476,uc003ona.2 XKR4|114786,uc003xsf.2 C16orf89|146556,uc002cyk.3 C16orf89|146556,uc010bud.2 FXYD1|5348,uc002nyc.2 NRXN1|9378,uc002rxd.1",0.914
6,7,"RPL5|6125,uc001doz.2 CMTM5|116173,uc001wjs.2 PI16|221476,uc003ona.2 XKR4|114786,uc003xsf.2 C16orf89|146556,uc002cyk.3 C16orf89|146556,uc010bud.2 FXYD1|5348,uc002nyc.2",0.886
5,6,"RPL5|6125,uc001doz.2 CMTM5|116173,uc001wjs.2 PI16|221476,uc003ona.2 XKR4|114786,uc003xsf.2 C16orf89|146556,uc002cyk.3 C16orf89|146556,uc010bud.2",0.863
4,5,"RPL5|6125,uc001doz.2 CMTM5|116173,uc001wjs.2 PI16|221476,uc003ona.2 XKR4|114786,uc003xsf.2 C16orf89|146556,uc002cyk.3",0.862
3,4,"RPL5|6125,uc001doz.2 CMTM5|116173,uc001wjs.2 PI16|221476,uc003ona.2 XKR4|114786,uc003xsf.2",0.836
2,3,"RPL5|6125,uc001doz.2 CMTM5|116173,uc001wjs.2 PI16|221476,uc003ona.2",0.813
1,2,"RPL5|6125,uc001doz.2 CMTM5|116173,uc001wjs.2",0.782
0,1,"RPL5|6125,uc001doz.2",0.5
