ID,NumberAtts,Atts,metricOpt
7,8,"RPL5|6125,uc001doz.2 C16orf89|146556,uc002cyk.3 F10|2159,uc001vsx.2 RXRG|6258,uc001gda.2 LYNX1|66004,uc003yxb.2 NRXN1|9378,uc002rxd.1 LSP1|4046,uc001luk.2 FILIP1L|11259,uc003dtp.1",0.994
6,7,"RPL5|6125,uc001doz.2 C16orf89|146556,uc002cyk.3 F10|2159,uc001vsx.2 RXRG|6258,uc001gda.2 LYNX1|66004,uc003yxb.2 NRXN1|9378,uc002rxd.1 LSP1|4046,uc001luk.2",0.992
5,6,"RPL5|6125,uc001doz.2 C16orf89|146556,uc002cyk.3 F10|2159,uc001vsx.2 RXRG|6258,uc001gda.2 LYNX1|66004,uc003yxb.2 NRXN1|9378,uc002rxd.1",0.991
4,5,"RPL5|6125,uc001doz.2 C16orf89|146556,uc002cyk.3 F10|2159,uc001vsx.2 RXRG|6258,uc001gda.2 LYNX1|66004,uc003yxb.2",0.939
3,4,"RPL5|6125,uc001doz.2 C16orf89|146556,uc002cyk.3 F10|2159,uc001vsx.2 RXRG|6258,uc001gda.2",0.916
2,3,"RPL5|6125,uc001doz.2 C16orf89|146556,uc002cyk.3 F10|2159,uc001vsx.2",0.861
1,2,"RPL5|6125,uc001doz.2 C16orf89|146556,uc002cyk.3",0.835
0,1,"RPL5|6125,uc001doz.2",0.5
