ID,NumberAtts,Atts,metricOpt
18,19,"RPS4X|6191,uc004ear.2 KLK5|25818,uc002pug.2 WFDC12|128488,uc002xnf.1 S100A7A|338324,uc001fbt.1 LCE2B|26239,uc001fai.2 C7|730,uc003jmh.2 SPRR1B|6699,uc009wnx.1 KRT17|3872,uc010wft.1 AKR1B15|441282,uc003vrt.2 KRT17|3872,uc002hxh.2 FAM25B|100132929,uc010qfw.1 S100A7|6278,uc001fbv.1 uc010vwr.1 DEFB4A|1673,uc003wsd.2 uc002gqq.1 FAM25A|643161,uc010qmo.1 COL17A1|1308,uc001kxq.2 DEFB103B|414325,uc003wsc.2 KRT16|3868,uc002hxg.3",0.879
17,18,"RPS4X|6191,uc004ear.2 KLK5|25818,uc002pug.2 WFDC12|128488,uc002xnf.1 S100A7A|338324,uc001fbt.1 LCE2B|26239,uc001fai.2 C7|730,uc003jmh.2 SPRR1B|6699,uc009wnx.1 KRT17|3872,uc010wft.1 AKR1B15|441282,uc003vrt.2 KRT17|3872,uc002hxh.2 FAM25B|100132929,uc010qfw.1 S100A7|6278,uc001fbv.1 uc010vwr.1 DEFB4A|1673,uc003wsd.2 uc002gqq.1 FAM25A|643161,uc010qmo.1 COL17A1|1308,uc001kxq.2 DEFB103B|414325,uc003wsc.2",0.874
16,17,"RPS4X|6191,uc004ear.2 KLK5|25818,uc002pug.2 WFDC12|128488,uc002xnf.1 S100A7A|338324,uc001fbt.1 LCE2B|26239,uc001fai.2 C7|730,uc003jmh.2 SPRR1B|6699,uc009wnx.1 KRT17|3872,uc010wft.1 AKR1B15|441282,uc003vrt.2 KRT17|3872,uc002hxh.2 FAM25B|100132929,uc010qfw.1 S100A7|6278,uc001fbv.1 uc010vwr.1 DEFB4A|1673,uc003wsd.2 uc002gqq.1 FAM25A|643161,uc010qmo.1 COL17A1|1308,uc001kxq.2",0.869
15,16,"RPS4X|6191,uc004ear.2 KLK5|25818,uc002pug.2 WFDC12|128488,uc002xnf.1 S100A7A|338324,uc001fbt.1 LCE2B|26239,uc001fai.2 C7|730,uc003jmh.2 SPRR1B|6699,uc009wnx.1 KRT17|3872,uc010wft.1 AKR1B15|441282,uc003vrt.2 KRT17|3872,uc002hxh.2 FAM25B|100132929,uc010qfw.1 S100A7|6278,uc001fbv.1 uc010vwr.1 DEFB4A|1673,uc003wsd.2 uc002gqq.1 FAM25A|643161,uc010qmo.1",0.861
14,15,"RPS4X|6191,uc004ear.2 KLK5|25818,uc002pug.2 WFDC12|128488,uc002xnf.1 S100A7A|338324,uc001fbt.1 LCE2B|26239,uc001fai.2 C7|730,uc003jmh.2 SPRR1B|6699,uc009wnx.1 KRT17|3872,uc010wft.1 AKR1B15|441282,uc003vrt.2 KRT17|3872,uc002hxh.2 FAM25B|100132929,uc010qfw.1 S100A7|6278,uc001fbv.1 uc010vwr.1 DEFB4A|1673,uc003wsd.2 uc002gqq.1",0.85
13,14,"RPS4X|6191,uc004ear.2 KLK5|25818,uc002pug.2 WFDC12|128488,uc002xnf.1 S100A7A|338324,uc001fbt.1 LCE2B|26239,uc001fai.2 C7|730,uc003jmh.2 SPRR1B|6699,uc009wnx.1 KRT17|3872,uc010wft.1 AKR1B15|441282,uc003vrt.2 KRT17|3872,uc002hxh.2 FAM25B|100132929,uc010qfw.1 S100A7|6278,uc001fbv.1 uc010vwr.1 DEFB4A|1673,uc003wsd.2",0.837
12,13,"RPS4X|6191,uc004ear.2 KLK5|25818,uc002pug.2 WFDC12|128488,uc002xnf.1 S100A7A|338324,uc001fbt.1 LCE2B|26239,uc001fai.2 C7|730,uc003jmh.2 SPRR1B|6699,uc009wnx.1 KRT17|3872,uc010wft.1 AKR1B15|441282,uc003vrt.2 KRT17|3872,uc002hxh.2 FAM25B|100132929,uc010qfw.1 S100A7|6278,uc001fbv.1 uc010vwr.1",0.828
11,12,"RPS4X|6191,uc004ear.2 KLK5|25818,uc002pug.2 WFDC12|128488,uc002xnf.1 S100A7A|338324,uc001fbt.1 LCE2B|26239,uc001fai.2 C7|730,uc003jmh.2 SPRR1B|6699,uc009wnx.1 KRT17|3872,uc010wft.1 AKR1B15|441282,uc003vrt.2 KRT17|3872,uc002hxh.2 FAM25B|100132929,uc010qfw.1 S100A7|6278,uc001fbv.1",0.825
10,11,"RPS4X|6191,uc004ear.2 KLK5|25818,uc002pug.2 WFDC12|128488,uc002xnf.1 S100A7A|338324,uc001fbt.1 LCE2B|26239,uc001fai.2 C7|730,uc003jmh.2 SPRR1B|6699,uc009wnx.1 KRT17|3872,uc010wft.1 AKR1B15|441282,uc003vrt.2 KRT17|3872,uc002hxh.2 FAM25B|100132929,uc010qfw.1",0.819
9,10,"RPS4X|6191,uc004ear.2 KLK5|25818,uc002pug.2 WFDC12|128488,uc002xnf.1 S100A7A|338324,uc001fbt.1 LCE2B|26239,uc001fai.2 C7|730,uc003jmh.2 SPRR1B|6699,uc009wnx.1 KRT17|3872,uc010wft.1 AKR1B15|441282,uc003vrt.2 KRT17|3872,uc002hxh.2",0.818
8,9,"RPS4X|6191,uc004ear.2 KLK5|25818,uc002pug.2 WFDC12|128488,uc002xnf.1 S100A7A|338324,uc001fbt.1 LCE2B|26239,uc001fai.2 C7|730,uc003jmh.2 SPRR1B|6699,uc009wnx.1 KRT17|3872,uc010wft.1 AKR1B15|441282,uc003vrt.2",0.817
7,8,"RPS4X|6191,uc004ear.2 KLK5|25818,uc002pug.2 WFDC12|128488,uc002xnf.1 S100A7A|338324,uc001fbt.1 LCE2B|26239,uc001fai.2 C7|730,uc003jmh.2 SPRR1B|6699,uc009wnx.1 KRT17|3872,uc010wft.1",0.811
6,7,"RPS4X|6191,uc004ear.2 KLK5|25818,uc002pug.2 WFDC12|128488,uc002xnf.1 S100A7A|338324,uc001fbt.1 LCE2B|26239,uc001fai.2 C7|730,uc003jmh.2 SPRR1B|6699,uc009wnx.1",0.806
5,6,"RPS4X|6191,uc004ear.2 KLK5|25818,uc002pug.2 WFDC12|128488,uc002xnf.1 S100A7A|338324,uc001fbt.1 LCE2B|26239,uc001fai.2 C7|730,uc003jmh.2",0.801
4,5,"RPS4X|6191,uc004ear.2 KLK5|25818,uc002pug.2 WFDC12|128488,uc002xnf.1 S100A7A|338324,uc001fbt.1 LCE2B|26239,uc001fai.2",0.776
3,4,"RPS4X|6191,uc004ear.2 KLK5|25818,uc002pug.2 WFDC12|128488,uc002xnf.1 S100A7A|338324,uc001fbt.1",0.773
2,3,"RPS4X|6191,uc004ear.2 KLK5|25818,uc002pug.2 WFDC12|128488,uc002xnf.1",0.764
1,2,"RPS4X|6191,uc004ear.2 KLK5|25818,uc002pug.2",0.763
0,1,"RPS4X|6191,uc004ear.2",0.5
