ID,NumberAtts,Atts,metricOpt
11,12,"RPS4X|6191,uc004ear.2 KLK5|25818,uc002pug.2 CASP14|23581,uc010dzv.1 WFDC5|149708,uc002xne.1 WFDC12|128488,uc002xnf.1 S100A7A|338324,uc001fbt.1 LCE2B|26239,uc001fai.2 C7|730,uc003jmh.2 PLA2G2F|64600,uc009vpp.1 KRT75|9119,uc001saj.2 uc002gxb.2 ANXA8|653145,uc001jeh.2",0.826
10,11,"RPS4X|6191,uc004ear.2 KLK5|25818,uc002pug.2 CASP14|23581,uc010dzv.1 WFDC5|149708,uc002xne.1 WFDC12|128488,uc002xnf.1 S100A7A|338324,uc001fbt.1 LCE2B|26239,uc001fai.2 C7|730,uc003jmh.2 PLA2G2F|64600,uc009vpp.1 KRT75|9119,uc001saj.2 uc002gxb.2",0.817
9,10,"RPS4X|6191,uc004ear.2 KLK5|25818,uc002pug.2 CASP14|23581,uc010dzv.1 WFDC5|149708,uc002xne.1 WFDC12|128488,uc002xnf.1 S100A7A|338324,uc001fbt.1 LCE2B|26239,uc001fai.2 C7|730,uc003jmh.2 PLA2G2F|64600,uc009vpp.1 KRT75|9119,uc001saj.2",0.805
8,9,"RPS4X|6191,uc004ear.2 KLK5|25818,uc002pug.2 CASP14|23581,uc010dzv.1 WFDC5|149708,uc002xne.1 WFDC12|128488,uc002xnf.1 S100A7A|338324,uc001fbt.1 LCE2B|26239,uc001fai.2 C7|730,uc003jmh.2 PLA2G2F|64600,uc009vpp.1",0.797
7,8,"RPS4X|6191,uc004ear.2 KLK5|25818,uc002pug.2 CASP14|23581,uc010dzv.1 WFDC5|149708,uc002xne.1 WFDC12|128488,uc002xnf.1 S100A7A|338324,uc001fbt.1 LCE2B|26239,uc001fai.2 C7|730,uc003jmh.2",0.784
6,7,"RPS4X|6191,uc004ear.2 KLK5|25818,uc002pug.2 CASP14|23581,uc010dzv.1 WFDC5|149708,uc002xne.1 WFDC12|128488,uc002xnf.1 S100A7A|338324,uc001fbt.1 LCE2B|26239,uc001fai.2",0.779
5,6,"RPS4X|6191,uc004ear.2 KLK5|25818,uc002pug.2 CASP14|23581,uc010dzv.1 WFDC5|149708,uc002xne.1 WFDC12|128488,uc002xnf.1 S100A7A|338324,uc001fbt.1",0.769
4,5,"RPS4X|6191,uc004ear.2 KLK5|25818,uc002pug.2 CASP14|23581,uc010dzv.1 WFDC5|149708,uc002xne.1 WFDC12|128488,uc002xnf.1",0.762
3,4,"RPS4X|6191,uc004ear.2 KLK5|25818,uc002pug.2 CASP14|23581,uc010dzv.1 WFDC5|149708,uc002xne.1",0.759
2,3,"RPS4X|6191,uc004ear.2 KLK5|25818,uc002pug.2 CASP14|23581,uc010dzv.1",0.744
1,2,"RPS4X|6191,uc004ear.2 KLK5|25818,uc002pug.2",0.701
0,1,"RPS4X|6191,uc004ear.2",0.5
