ID,NumberAtts,Atts,metricOpt
8,9,"RPS4X|6191,uc004ear.2 KLK5|25818,uc002pug.2 LCE2B|26239,uc001fai.2 CARD18|59082,uc001pis.2 PLA2G2F|64600,uc009vpp.1 SPRR4|163778,uc001fav.1 MUCL1|118430,uc001sgk.2 COL17A1|1308,uc001kxq.2 SERPINB4|6318,uc002ljf.2",0.812
7,8,"RPS4X|6191,uc004ear.2 KLK5|25818,uc002pug.2 LCE2B|26239,uc001fai.2 CARD18|59082,uc001pis.2 PLA2G2F|64600,uc009vpp.1 SPRR4|163778,uc001fav.1 MUCL1|118430,uc001sgk.2 COL17A1|1308,uc001kxq.2",0.811
6,7,"RPS4X|6191,uc004ear.2 KLK5|25818,uc002pug.2 LCE2B|26239,uc001fai.2 CARD18|59082,uc001pis.2 PLA2G2F|64600,uc009vpp.1 SPRR4|163778,uc001fav.1 MUCL1|118430,uc001sgk.2",0.808
5,6,"RPS4X|6191,uc004ear.2 KLK5|25818,uc002pug.2 LCE2B|26239,uc001fai.2 CARD18|59082,uc001pis.2 PLA2G2F|64600,uc009vpp.1 SPRR4|163778,uc001fav.1",0.8
4,5,"RPS4X|6191,uc004ear.2 KLK5|25818,uc002pug.2 LCE2B|26239,uc001fai.2 CARD18|59082,uc001pis.2 PLA2G2F|64600,uc009vpp.1",0.797
3,4,"RPS4X|6191,uc004ear.2 KLK5|25818,uc002pug.2 LCE2B|26239,uc001fai.2 CARD18|59082,uc001pis.2",0.792
2,3,"RPS4X|6191,uc004ear.2 KLK5|25818,uc002pug.2 LCE2B|26239,uc001fai.2",0.784
1,2,"RPS4X|6191,uc004ear.2 KLK5|25818,uc002pug.2",0.773
0,1,"RPS4X|6191,uc004ear.2",0.5
