ID,NumberAtts,Atts,metricOpt
7,8,"CLEC4C|170482,uc001qth.1 CLEC4M|10332,uc002mhy.2 CLEC4M|10332,uc010dvt.2 CLEC4M|10332,uc002mic.2 CLEC4M|10332,uc002mih.2 PLVAP|83483,uc002ngk.1 ECM1|1893,uc001eus.2 STC2|8614,uc003mcn.1",0.994
6,7,"CLEC4C|170482,uc001qth.1 CLEC4M|10332,uc002mhy.2 CLEC4M|10332,uc010dvt.2 CLEC4M|10332,uc002mic.2 CLEC4M|10332,uc002mih.2 PLVAP|83483,uc002ngk.1 ECM1|1893,uc001eus.2",0.983
5,6,"CLEC4C|170482,uc001qth.1 CLEC4M|10332,uc002mhy.2 CLEC4M|10332,uc010dvt.2 CLEC4M|10332,uc002mic.2 CLEC4M|10332,uc002mih.2 PLVAP|83483,uc002ngk.1",0.964
4,5,"CLEC4C|170482,uc001qth.1 CLEC4M|10332,uc002mhy.2 CLEC4M|10332,uc010dvt.2 CLEC4M|10332,uc002mic.2 CLEC4M|10332,uc002mih.2",0.95
3,4,"CLEC4C|170482,uc001qth.1 CLEC4M|10332,uc002mhy.2 CLEC4M|10332,uc010dvt.2 CLEC4M|10332,uc002mic.2",0.949
2,3,"CLEC4C|170482,uc001qth.1 CLEC4M|10332,uc002mhy.2 CLEC4M|10332,uc010dvt.2",0.944
1,2,"CLEC4C|170482,uc001qth.1 CLEC4M|10332,uc002mhy.2",0.943
0,1,"CLEC4C|170482,uc001qth.1",0.52
