ID,NumberAtts,Atts,metricOpt
11,12,"CLEC4C|170482,uc001qth.1 CLEC4M|10332,uc002mhy.2 CLEC4M|10332,uc010dvt.2 CLEC4M|10332,uc002mic.2 C13orf26|122046,uc001uti.2 CHRM2|1129,uc003vth.1 ADAMTS13|11093,uc004ceb.3 VIPR1|7433,uc003clf.2 COL15A1|1306,uc004azb.1 DBH|1621,uc004cel.2 CHST4|10164,uc002fan.2 SLC5A1|6523,uc003amc.2",0.976
10,11,"CLEC4C|170482,uc001qth.1 CLEC4M|10332,uc002mhy.2 CLEC4M|10332,uc010dvt.2 CLEC4M|10332,uc002mic.2 C13orf26|122046,uc001uti.2 CHRM2|1129,uc003vth.1 ADAMTS13|11093,uc004ceb.3 VIPR1|7433,uc003clf.2 COL15A1|1306,uc004azb.1 DBH|1621,uc004cel.2 CHST4|10164,uc002fan.2",0.972
9,10,"CLEC4C|170482,uc001qth.1 CLEC4M|10332,uc002mhy.2 CLEC4M|10332,uc010dvt.2 CLEC4M|10332,uc002mic.2 C13orf26|122046,uc001uti.2 CHRM2|1129,uc003vth.1 ADAMTS13|11093,uc004ceb.3 VIPR1|7433,uc003clf.2 COL15A1|1306,uc004azb.1 DBH|1621,uc004cel.2",0.963
8,9,"CLEC4C|170482,uc001qth.1 CLEC4M|10332,uc002mhy.2 CLEC4M|10332,uc010dvt.2 CLEC4M|10332,uc002mic.2 C13orf26|122046,uc001uti.2 CHRM2|1129,uc003vth.1 ADAMTS13|11093,uc004ceb.3 VIPR1|7433,uc003clf.2 COL15A1|1306,uc004azb.1",0.962
7,8,"CLEC4C|170482,uc001qth.1 CLEC4M|10332,uc002mhy.2 CLEC4M|10332,uc010dvt.2 CLEC4M|10332,uc002mic.2 C13orf26|122046,uc001uti.2 CHRM2|1129,uc003vth.1 ADAMTS13|11093,uc004ceb.3 VIPR1|7433,uc003clf.2",0.959
6,7,"CLEC4C|170482,uc001qth.1 CLEC4M|10332,uc002mhy.2 CLEC4M|10332,uc010dvt.2 CLEC4M|10332,uc002mic.2 C13orf26|122046,uc001uti.2 CHRM2|1129,uc003vth.1 ADAMTS13|11093,uc004ceb.3",0.949
5,6,"CLEC4C|170482,uc001qth.1 CLEC4M|10332,uc002mhy.2 CLEC4M|10332,uc010dvt.2 CLEC4M|10332,uc002mic.2 C13orf26|122046,uc001uti.2 CHRM2|1129,uc003vth.1",0.939
4,5,"CLEC4C|170482,uc001qth.1 CLEC4M|10332,uc002mhy.2 CLEC4M|10332,uc010dvt.2 CLEC4M|10332,uc002mic.2 C13orf26|122046,uc001uti.2",0.931
3,4,"CLEC4C|170482,uc001qth.1 CLEC4M|10332,uc002mhy.2 CLEC4M|10332,uc010dvt.2 CLEC4M|10332,uc002mic.2",0.929
2,3,"CLEC4C|170482,uc001qth.1 CLEC4M|10332,uc002mhy.2 CLEC4M|10332,uc010dvt.2",0.928
1,2,"CLEC4C|170482,uc001qth.1 CLEC4M|10332,uc002mhy.2",0.823
0,1,"CLEC4C|170482,uc001qth.1",0.52
