ID,NumberAtts,Atts,metricOpt
9,10,"CLEC4C|170482,uc001qth.1 CLEC4M|10332,uc002mhy.2 CLEC4M|10332,uc010dvt.2 BDNF|627,uc009yjd.2 CLEC4M|10332,uc010xjv.1 CLEC1B|51266,uc001qwu.2 ECM1|1893,uc001eus.2 COL15A1|1306,uc004azb.1 NRXN1|9378,uc002rxa.3 GABRD|2563,uc001aip.2",0.987
8,9,"CLEC4C|170482,uc001qth.1 CLEC4M|10332,uc002mhy.2 CLEC4M|10332,uc010dvt.2 BDNF|627,uc009yjd.2 CLEC4M|10332,uc010xjv.1 CLEC1B|51266,uc001qwu.2 ECM1|1893,uc001eus.2 COL15A1|1306,uc004azb.1 NRXN1|9378,uc002rxa.3",0.976
7,8,"CLEC4C|170482,uc001qth.1 CLEC4M|10332,uc002mhy.2 CLEC4M|10332,uc010dvt.2 BDNF|627,uc009yjd.2 CLEC4M|10332,uc010xjv.1 CLEC1B|51266,uc001qwu.2 ECM1|1893,uc001eus.2 COL15A1|1306,uc004azb.1",0.975
6,7,"CLEC4C|170482,uc001qth.1 CLEC4M|10332,uc002mhy.2 CLEC4M|10332,uc010dvt.2 BDNF|627,uc009yjd.2 CLEC4M|10332,uc010xjv.1 CLEC1B|51266,uc001qwu.2 ECM1|1893,uc001eus.2",0.961
5,6,"CLEC4C|170482,uc001qth.1 CLEC4M|10332,uc002mhy.2 CLEC4M|10332,uc010dvt.2 BDNF|627,uc009yjd.2 CLEC4M|10332,uc010xjv.1 CLEC1B|51266,uc001qwu.2",0.952
4,5,"CLEC4C|170482,uc001qth.1 CLEC4M|10332,uc002mhy.2 CLEC4M|10332,uc010dvt.2 BDNF|627,uc009yjd.2 CLEC4M|10332,uc010xjv.1",0.95
3,4,"CLEC4C|170482,uc001qth.1 CLEC4M|10332,uc002mhy.2 CLEC4M|10332,uc010dvt.2 BDNF|627,uc009yjd.2",0.948
2,3,"CLEC4C|170482,uc001qth.1 CLEC4M|10332,uc002mhy.2 CLEC4M|10332,uc010dvt.2",0.946
1,2,"CLEC4C|170482,uc001qth.1 CLEC4M|10332,uc002mhy.2",0.943
0,1,"CLEC4C|170482,uc001qth.1",0.52
