ID,NumberAtts,Atts,metricOpt
15,16,"TULP1|7287,uc003okv.3 LRRTM1|347730,uc002soj.3 FAM135B|51059,uc003yuy.2 PCSK2|5126,uc002wpm.2 FBXL21|26223,uc010jec.1 VIT|5212,uc002rpl.2 C18orf34|374864,uc010dme.1 GPM6B|2824,uc004cvz.2 GNAI2|2771,uc003cyo.1 SGIP1|84251,uc009wat.2 SYBU|55638,uc010mcp.2 GRIK1|2897,uc002ynn.2 JAKMIP1|152789,uc010ide.2 CLEC3B|7123,uc003cok.3 LIPF|8513,uc001kfg.1 RAPGEF4|11069,uc010zeg.1",1.0
14,15,"TULP1|7287,uc003okv.3 LRRTM1|347730,uc002soj.3 FAM135B|51059,uc003yuy.2 PCSK2|5126,uc002wpm.2 FBXL21|26223,uc010jec.1 VIT|5212,uc002rpl.2 C18orf34|374864,uc010dme.1 GPM6B|2824,uc004cvz.2 GNAI2|2771,uc003cyo.1 SGIP1|84251,uc009wat.2 SYBU|55638,uc010mcp.2 GRIK1|2897,uc002ynn.2 JAKMIP1|152789,uc010ide.2 CLEC3B|7123,uc003cok.3 LIPF|8513,uc001kfg.1",0.996
13,14,"TULP1|7287,uc003okv.3 LRRTM1|347730,uc002soj.3 FAM135B|51059,uc003yuy.2 PCSK2|5126,uc002wpm.2 FBXL21|26223,uc010jec.1 VIT|5212,uc002rpl.2 C18orf34|374864,uc010dme.1 GPM6B|2824,uc004cvz.2 GNAI2|2771,uc003cyo.1 SGIP1|84251,uc009wat.2 SYBU|55638,uc010mcp.2 GRIK1|2897,uc002ynn.2 JAKMIP1|152789,uc010ide.2 CLEC3B|7123,uc003cok.3",0.994
12,13,"TULP1|7287,uc003okv.3 LRRTM1|347730,uc002soj.3 FAM135B|51059,uc003yuy.2 PCSK2|5126,uc002wpm.2 FBXL21|26223,uc010jec.1 VIT|5212,uc002rpl.2 C18orf34|374864,uc010dme.1 GPM6B|2824,uc004cvz.2 GNAI2|2771,uc003cyo.1 SGIP1|84251,uc009wat.2 SYBU|55638,uc010mcp.2 GRIK1|2897,uc002ynn.2 JAKMIP1|152789,uc010ide.2",0.891
11,12,"TULP1|7287,uc003okv.3 LRRTM1|347730,uc002soj.3 FAM135B|51059,uc003yuy.2 PCSK2|5126,uc002wpm.2 FBXL21|26223,uc010jec.1 VIT|5212,uc002rpl.2 C18orf34|374864,uc010dme.1 GPM6B|2824,uc004cvz.2 GNAI2|2771,uc003cyo.1 SGIP1|84251,uc009wat.2 SYBU|55638,uc010mcp.2 GRIK1|2897,uc002ynn.2",0.89
10,11,"TULP1|7287,uc003okv.3 LRRTM1|347730,uc002soj.3 FAM135B|51059,uc003yuy.2 PCSK2|5126,uc002wpm.2 FBXL21|26223,uc010jec.1 VIT|5212,uc002rpl.2 C18orf34|374864,uc010dme.1 GPM6B|2824,uc004cvz.2 GNAI2|2771,uc003cyo.1 SGIP1|84251,uc009wat.2 SYBU|55638,uc010mcp.2",0.888
9,10,"TULP1|7287,uc003okv.3 LRRTM1|347730,uc002soj.3 FAM135B|51059,uc003yuy.2 PCSK2|5126,uc002wpm.2 FBXL21|26223,uc010jec.1 VIT|5212,uc002rpl.2 C18orf34|374864,uc010dme.1 GPM6B|2824,uc004cvz.2 GNAI2|2771,uc003cyo.1 SGIP1|84251,uc009wat.2",0.887
8,9,"TULP1|7287,uc003okv.3 LRRTM1|347730,uc002soj.3 FAM135B|51059,uc003yuy.2 PCSK2|5126,uc002wpm.2 FBXL21|26223,uc010jec.1 VIT|5212,uc002rpl.2 C18orf34|374864,uc010dme.1 GPM6B|2824,uc004cvz.2 GNAI2|2771,uc003cyo.1",0.863
7,8,"TULP1|7287,uc003okv.3 LRRTM1|347730,uc002soj.3 FAM135B|51059,uc003yuy.2 PCSK2|5126,uc002wpm.2 FBXL21|26223,uc010jec.1 VIT|5212,uc002rpl.2 C18orf34|374864,uc010dme.1 GPM6B|2824,uc004cvz.2",0.862
6,7,"TULP1|7287,uc003okv.3 LRRTM1|347730,uc002soj.3 FAM135B|51059,uc003yuy.2 PCSK2|5126,uc002wpm.2 FBXL21|26223,uc010jec.1 VIT|5212,uc002rpl.2 C18orf34|374864,uc010dme.1",0.835
5,6,"TULP1|7287,uc003okv.3 LRRTM1|347730,uc002soj.3 FAM135B|51059,uc003yuy.2 PCSK2|5126,uc002wpm.2 FBXL21|26223,uc010jec.1 VIT|5212,uc002rpl.2",0.783
4,5,"TULP1|7287,uc003okv.3 LRRTM1|347730,uc002soj.3 FAM135B|51059,uc003yuy.2 PCSK2|5126,uc002wpm.2 FBXL21|26223,uc010jec.1",0.757
3,4,"TULP1|7287,uc003okv.3 LRRTM1|347730,uc002soj.3 FAM135B|51059,uc003yuy.2 PCSK2|5126,uc002wpm.2",0.706
2,3,"TULP1|7287,uc003okv.3 LRRTM1|347730,uc002soj.3 FAM135B|51059,uc003yuy.2",0.704
1,2,"TULP1|7287,uc003okv.3 LRRTM1|347730,uc002soj.3",0.655
0,1,"TULP1|7287,uc003okv.3",0.5
