ID,NumberAtts,Atts,metricOpt
6,7,"TULP1|7287,uc003okv.3 MMP27|64066,uc001phd.1 FAM135B|51059,uc003yuy.2 PCSK2|5126,uc002wpm.2 FBXL21|26223,uc010jec.1 VIT|5212,uc002rpl.2 NTRK3|4916,uc002bmh.2",0.893
5,6,"TULP1|7287,uc003okv.3 MMP27|64066,uc001phd.1 FAM135B|51059,uc003yuy.2 PCSK2|5126,uc002wpm.2 FBXL21|26223,uc010jec.1 VIT|5212,uc002rpl.2",0.892
4,5,"TULP1|7287,uc003okv.3 MMP27|64066,uc001phd.1 FAM135B|51059,uc003yuy.2 PCSK2|5126,uc002wpm.2 FBXL21|26223,uc010jec.1",0.863
3,4,"TULP1|7287,uc003okv.3 MMP27|64066,uc001phd.1 FAM135B|51059,uc003yuy.2 PCSK2|5126,uc002wpm.2",0.861
2,3,"TULP1|7287,uc003okv.3 MMP27|64066,uc001phd.1 FAM135B|51059,uc003yuy.2",0.836
1,2,"TULP1|7287,uc003okv.3 MMP27|64066,uc001phd.1",0.753
0,1,"TULP1|7287,uc003okv.3",0.598
