ID,NumberAtts,Atts,metricOpt
6,7,"TULP1|7287,uc003okv.3 LRRTM1|347730,uc002soj.3 MMP27|64066,uc001phd.1 FAM135B|51059,uc003yuy.2 PCSK2|5126,uc002wpm.2 CMTM5|116173,uc001wjs.2 FBXL21|26223,uc003lbc.2",0.812
5,6,"TULP1|7287,uc003okv.3 LRRTM1|347730,uc002soj.3 MMP27|64066,uc001phd.1 FAM135B|51059,uc003yuy.2 PCSK2|5126,uc002wpm.2 CMTM5|116173,uc001wjs.2",0.811
4,5,"TULP1|7287,uc003okv.3 LRRTM1|347730,uc002soj.3 MMP27|64066,uc001phd.1 FAM135B|51059,uc003yuy.2 PCSK2|5126,uc002wpm.2",0.81
3,4,"TULP1|7287,uc003okv.3 LRRTM1|347730,uc002soj.3 MMP27|64066,uc001phd.1 FAM135B|51059,uc003yuy.2",0.729
2,3,"TULP1|7287,uc003okv.3 LRRTM1|347730,uc002soj.3 MMP27|64066,uc001phd.1",0.675
1,2,"TULP1|7287,uc003okv.3 LRRTM1|347730,uc002soj.3",0.655
0,1,"TULP1|7287,uc003okv.3",0.5
