ID,NumberAtts,Atts,metricOpt
11,12,"CLEC4M|10332,uc010dvt.2 CLEC4M|10332,uc002mic.2 ANGPTL6|83854,uc002mmy.1 NDST3|9348,uc003ibx.2 CCBE1|147372,uc002lib.2 NCAM1|4684,uc001pnp.2 C14orf180|400258,uc001yow.1 NTF3|4908,uc001qnk.3 MARCO|8685,uc002tln.1 GABRD|2563,uc001aip.2 KCNN2|3781,uc003kqp.2 FXYD2|486,uc001prk.1",0.994
10,11,"CLEC4M|10332,uc010dvt.2 CLEC4M|10332,uc002mic.2 ANGPTL6|83854,uc002mmy.1 NDST3|9348,uc003ibx.2 CCBE1|147372,uc002lib.2 NCAM1|4684,uc001pnp.2 C14orf180|400258,uc001yow.1 NTF3|4908,uc001qnk.3 MARCO|8685,uc002tln.1 GABRD|2563,uc001aip.2 KCNN2|3781,uc003kqp.2",0.993
9,10,"CLEC4M|10332,uc010dvt.2 CLEC4M|10332,uc002mic.2 ANGPTL6|83854,uc002mmy.1 NDST3|9348,uc003ibx.2 CCBE1|147372,uc002lib.2 NCAM1|4684,uc001pnp.2 C14orf180|400258,uc001yow.1 NTF3|4908,uc001qnk.3 MARCO|8685,uc002tln.1 GABRD|2563,uc001aip.2",0.992
8,9,"CLEC4M|10332,uc010dvt.2 CLEC4M|10332,uc002mic.2 ANGPTL6|83854,uc002mmy.1 NDST3|9348,uc003ibx.2 CCBE1|147372,uc002lib.2 NCAM1|4684,uc001pnp.2 C14orf180|400258,uc001yow.1 NTF3|4908,uc001qnk.3 MARCO|8685,uc002tln.1",0.982
7,8,"CLEC4M|10332,uc010dvt.2 CLEC4M|10332,uc002mic.2 ANGPTL6|83854,uc002mmy.1 NDST3|9348,uc003ibx.2 CCBE1|147372,uc002lib.2 NCAM1|4684,uc001pnp.2 C14orf180|400258,uc001yow.1 NTF3|4908,uc001qnk.3",0.981
6,7,"CLEC4M|10332,uc010dvt.2 CLEC4M|10332,uc002mic.2 ANGPTL6|83854,uc002mmy.1 NDST3|9348,uc003ibx.2 CCBE1|147372,uc002lib.2 NCAM1|4684,uc001pnp.2 C14orf180|400258,uc001yow.1",0.978
5,6,"CLEC4M|10332,uc010dvt.2 CLEC4M|10332,uc002mic.2 ANGPTL6|83854,uc002mmy.1 NDST3|9348,uc003ibx.2 CCBE1|147372,uc002lib.2 NCAM1|4684,uc001pnp.2",0.974
4,5,"CLEC4M|10332,uc010dvt.2 CLEC4M|10332,uc002mic.2 ANGPTL6|83854,uc002mmy.1 NDST3|9348,uc003ibx.2 CCBE1|147372,uc002lib.2",0.97
3,4,"CLEC4M|10332,uc010dvt.2 CLEC4M|10332,uc002mic.2 ANGPTL6|83854,uc002mmy.1 NDST3|9348,uc003ibx.2",0.969
2,3,"CLEC4M|10332,uc010dvt.2 CLEC4M|10332,uc002mic.2 ANGPTL6|83854,uc002mmy.1",0.967
1,2,"CLEC4M|10332,uc010dvt.2 CLEC4M|10332,uc002mic.2",0.965
0,1,"CLEC4M|10332,uc010dvt.2",0.957
