ID,NumberAtts,Atts,metricOpt
8,9,"CLEC4M|10332,uc010dvt.2 BMPER|168667,uc011kap.1 C13orf26|122046,uc001uti.2 NAT2|10,uc003wyw.1 IGF2|3481,uc001lvh.2 KCNN2|3781,uc003kqp.2 SFRP5|6425,uc001kor.3 LCAT|3931,uc002euy.1 TROAP|10024,uc009zlh.2",0.983
7,8,"CLEC4M|10332,uc010dvt.2 BMPER|168667,uc011kap.1 C13orf26|122046,uc001uti.2 NAT2|10,uc003wyw.1 IGF2|3481,uc001lvh.2 KCNN2|3781,uc003kqp.2 SFRP5|6425,uc001kor.3 LCAT|3931,uc002euy.1",0.982
6,7,"CLEC4M|10332,uc010dvt.2 BMPER|168667,uc011kap.1 C13orf26|122046,uc001uti.2 NAT2|10,uc003wyw.1 IGF2|3481,uc001lvh.2 KCNN2|3781,uc003kqp.2 SFRP5|6425,uc001kor.3",0.976
5,6,"CLEC4M|10332,uc010dvt.2 BMPER|168667,uc011kap.1 C13orf26|122046,uc001uti.2 NAT2|10,uc003wyw.1 IGF2|3481,uc001lvh.2 KCNN2|3781,uc003kqp.2",0.973
4,5,"CLEC4M|10332,uc010dvt.2 BMPER|168667,uc011kap.1 C13orf26|122046,uc001uti.2 NAT2|10,uc003wyw.1 IGF2|3481,uc001lvh.2",0.972
3,4,"CLEC4M|10332,uc010dvt.2 BMPER|168667,uc011kap.1 C13orf26|122046,uc001uti.2 NAT2|10,uc003wyw.1",0.97
2,3,"CLEC4M|10332,uc010dvt.2 BMPER|168667,uc011kap.1 C13orf26|122046,uc001uti.2",0.963
1,2,"CLEC4M|10332,uc010dvt.2 BMPER|168667,uc011kap.1",0.953
0,1,"CLEC4M|10332,uc010dvt.2",0.928
