ID,NumberAtts,Atts,metricOpt
5,6,"CLEC4M|10332,uc010dvt.2 CLEC4G|339390,uc002mhp.3 SLITRK6|84189,uc001vll.1 TRPV6|55503,uc003wbx.1 uc002uku.2 SLC6A19|340024,uc003jbw.3",0.99
4,5,"CLEC4M|10332,uc010dvt.2 CLEC4G|339390,uc002mhp.3 SLITRK6|84189,uc001vll.1 TRPV6|55503,uc003wbx.1 uc002uku.2",0.985
3,4,"CLEC4M|10332,uc010dvt.2 CLEC4G|339390,uc002mhp.3 SLITRK6|84189,uc001vll.1 TRPV6|55503,uc003wbx.1",0.981
2,3,"CLEC4M|10332,uc010dvt.2 CLEC4G|339390,uc002mhp.3 SLITRK6|84189,uc001vll.1",0.979
1,2,"CLEC4M|10332,uc010dvt.2 CLEC4G|339390,uc002mhp.3",0.967
0,1,"CLEC4M|10332,uc010dvt.2",0.96
