ID,NumberAtts,Atts,metricOpt
5,6,"MTHFD1L|25902,uc003qob.2 INHBA|3624,uc003thr.2 NFE2L3|9603,uc003sxq.2 CLSPN|63967,uc001bzi.2 BRCA2|675,uc001uub.1 RIPK2|8767,uc003yee.2",0.998
4,5,"MTHFD1L|25902,uc003qob.2 INHBA|3624,uc003thr.2 NFE2L3|9603,uc003sxq.2 CLSPN|63967,uc001bzi.2 BRCA2|675,uc001uub.1",0.995
3,4,"MTHFD1L|25902,uc003qob.2 INHBA|3624,uc003thr.2 NFE2L3|9603,uc003sxq.2 CLSPN|63967,uc001bzi.2",0.985
2,3,"MTHFD1L|25902,uc003qob.2 INHBA|3624,uc003thr.2 NFE2L3|9603,uc003sxq.2",0.983
1,2,"MTHFD1L|25902,uc003qob.2 INHBA|3624,uc003thr.2",0.967
0,1,"MTHFD1L|25902,uc003qob.2",0.88
