ID,NumberAtts,Atts,metricOpt
6,7,"RPS19|6223,uc002ort.2 CLEC4M|10332,uc010dvt.2 CLEC4M|10332,uc002mic.2 CLEC4M|10332,uc002mih.2 ANGPTL6|83854,uc002mmy.1 NDST3|9348,uc003ibx.2 NBLA00301|79804,uc010irn.2",0.973
5,6,"RPS19|6223,uc002ort.2 CLEC4M|10332,uc010dvt.2 CLEC4M|10332,uc002mic.2 CLEC4M|10332,uc002mih.2 ANGPTL6|83854,uc002mmy.1 NDST3|9348,uc003ibx.2",0.971
4,5,"RPS19|6223,uc002ort.2 CLEC4M|10332,uc010dvt.2 CLEC4M|10332,uc002mic.2 CLEC4M|10332,uc002mih.2 ANGPTL6|83854,uc002mmy.1",0.97
3,4,"RPS19|6223,uc002ort.2 CLEC4M|10332,uc010dvt.2 CLEC4M|10332,uc002mic.2 CLEC4M|10332,uc002mih.2",0.969
2,3,"RPS19|6223,uc002ort.2 CLEC4M|10332,uc010dvt.2 CLEC4M|10332,uc002mic.2",0.965
1,2,"RPS19|6223,uc002ort.2 CLEC4M|10332,uc010dvt.2",0.957
0,1,"RPS19|6223,uc002ort.2",0.5
