ID,NumberAtts,Atts,metricOpt
5,6,"RPS19|6223,uc002ort.2 CLEC4M|10332,uc010dvt.2 CLEC4M|10332,uc010xjx.1 CLEC4M|10332,uc002mih.2 ANGPTL6|83854,uc002mmy.1 STAB2|55576,uc001tjw.2",0.96
4,5,"RPS19|6223,uc002ort.2 CLEC4M|10332,uc010dvt.2 CLEC4M|10332,uc010xjx.1 CLEC4M|10332,uc002mih.2 ANGPTL6|83854,uc002mmy.1",0.958
3,4,"RPS19|6223,uc002ort.2 CLEC4M|10332,uc010dvt.2 CLEC4M|10332,uc010xjx.1 CLEC4M|10332,uc002mih.2",0.949
2,3,"RPS19|6223,uc002ort.2 CLEC4M|10332,uc010dvt.2 CLEC4M|10332,uc010xjx.1",0.938
1,2,"RPS19|6223,uc002ort.2 CLEC4M|10332,uc010dvt.2",0.918
0,1,"RPS19|6223,uc002ort.2",0.5
