ID,NumberAtts,Atts,metricOpt
8,9,"RPS19|6223,uc002ort.2 CLEC4M|10332,uc010dvt.2 CLEC4M|10332,uc002mic.2 ANGPTL6|83854,uc002mmy.1 CCBE1|147372,uc002lib.2 ATP13A4|84239,uc003ftd.2 ANXA8L2|244,uc001jem.2 SYT9|143425,uc001mfe.2 NDST3|9348,uc003ibw.2",0.982
7,8,"RPS19|6223,uc002ort.2 CLEC4M|10332,uc010dvt.2 CLEC4M|10332,uc002mic.2 ANGPTL6|83854,uc002mmy.1 CCBE1|147372,uc002lib.2 ATP13A4|84239,uc003ftd.2 ANXA8L2|244,uc001jem.2 SYT9|143425,uc001mfe.2",0.981
6,7,"RPS19|6223,uc002ort.2 CLEC4M|10332,uc010dvt.2 CLEC4M|10332,uc002mic.2 ANGPTL6|83854,uc002mmy.1 CCBE1|147372,uc002lib.2 ATP13A4|84239,uc003ftd.2 ANXA8L2|244,uc001jem.2",0.979
5,6,"RPS19|6223,uc002ort.2 CLEC4M|10332,uc010dvt.2 CLEC4M|10332,uc002mic.2 ANGPTL6|83854,uc002mmy.1 CCBE1|147372,uc002lib.2 ATP13A4|84239,uc003ftd.2",0.976
4,5,"RPS19|6223,uc002ort.2 CLEC4M|10332,uc010dvt.2 CLEC4M|10332,uc002mic.2 ANGPTL6|83854,uc002mmy.1 CCBE1|147372,uc002lib.2",0.975
3,4,"RPS19|6223,uc002ort.2 CLEC4M|10332,uc010dvt.2 CLEC4M|10332,uc002mic.2 ANGPTL6|83854,uc002mmy.1",0.971
2,3,"RPS19|6223,uc002ort.2 CLEC4M|10332,uc010dvt.2 CLEC4M|10332,uc002mic.2",0.968
1,2,"RPS19|6223,uc002ort.2 CLEC4M|10332,uc010dvt.2",0.956
0,1,"RPS19|6223,uc002ort.2",0.5
