ID,NumberAtts,Atts,metricOpt
6,7,"RPS19|6223,uc002ort.2 MTHFD1L|25902,uc003qob.2 ESM1|11082,uc003jpk.2 INHBA|3624,uc003thr.2 HEATR1|55127,uc009xgh.1 TEAD4|7004,uc010sej.1 SOX4|6659,uc003ndi.2",1.0
5,6,"RPS19|6223,uc002ort.2 MTHFD1L|25902,uc003qob.2 ESM1|11082,uc003jpk.2 INHBA|3624,uc003thr.2 HEATR1|55127,uc009xgh.1 TEAD4|7004,uc010sej.1",0.999
4,5,"RPS19|6223,uc002ort.2 MTHFD1L|25902,uc003qob.2 ESM1|11082,uc003jpk.2 INHBA|3624,uc003thr.2 HEATR1|55127,uc009xgh.1",0.998
3,4,"RPS19|6223,uc002ort.2 MTHFD1L|25902,uc003qob.2 ESM1|11082,uc003jpk.2 INHBA|3624,uc003thr.2",0.995
2,3,"RPS19|6223,uc002ort.2 MTHFD1L|25902,uc003qob.2 ESM1|11082,uc003jpk.2",0.923
1,2,"RPS19|6223,uc002ort.2 MTHFD1L|25902,uc003qob.2",0.877
0,1,"RPS19|6223,uc002ort.2",0.5
