ID,NumberAtts,Atts,metricOpt
7,8,"RPS19|6223,uc002ort.2 MTHFD1L|25902,uc003qob.2 ESM1|11082,uc003jpk.2 GABRD|2563,uc001aip.2 ATP11A|23250,uc010ago.2 TEAD4|7004,uc010sej.1 PGM2L1|283209,uc001ovb.1 RPLP0P2|113157,uc001nrz.1",0.999
6,7,"RPS19|6223,uc002ort.2 MTHFD1L|25902,uc003qob.2 ESM1|11082,uc003jpk.2 GABRD|2563,uc001aip.2 ATP11A|23250,uc010ago.2 TEAD4|7004,uc010sej.1 PGM2L1|283209,uc001ovb.1",0.998
5,6,"RPS19|6223,uc002ort.2 MTHFD1L|25902,uc003qob.2 ESM1|11082,uc003jpk.2 GABRD|2563,uc001aip.2 ATP11A|23250,uc010ago.2 TEAD4|7004,uc010sej.1",0.985
4,5,"RPS19|6223,uc002ort.2 MTHFD1L|25902,uc003qob.2 ESM1|11082,uc003jpk.2 GABRD|2563,uc001aip.2 ATP11A|23250,uc010ago.2",0.982
3,4,"RPS19|6223,uc002ort.2 MTHFD1L|25902,uc003qob.2 ESM1|11082,uc003jpk.2 GABRD|2563,uc001aip.2",0.968
2,3,"RPS19|6223,uc002ort.2 MTHFD1L|25902,uc003qob.2 ESM1|11082,uc003jpk.2",0.952
1,2,"RPS19|6223,uc002ort.2 MTHFD1L|25902,uc003qob.2",0.879
0,1,"RPS19|6223,uc002ort.2",0.5
