ID,NumberAtts,Atts,metricOpt
5,6,"RPS19|6223,uc002ort.2 MTHFD1L|25902,uc003qob.2 ESM1|11082,uc003jpk.2 INHBA|3624,uc003thr.2 MET|4233,uc011knj.1 ATP11A|23250,uc010ago.2",0.985
4,5,"RPS19|6223,uc002ort.2 MTHFD1L|25902,uc003qob.2 ESM1|11082,uc003jpk.2 INHBA|3624,uc003thr.2 MET|4233,uc011knj.1",0.983
3,4,"RPS19|6223,uc002ort.2 MTHFD1L|25902,uc003qob.2 ESM1|11082,uc003jpk.2 INHBA|3624,uc003thr.2",0.981
2,3,"RPS19|6223,uc002ort.2 MTHFD1L|25902,uc003qob.2 ESM1|11082,uc003jpk.2",0.965
1,2,"RPS19|6223,uc002ort.2 MTHFD1L|25902,uc003qob.2",0.876
0,1,"RPS19|6223,uc002ort.2",0.5
