ID,NumberAtts,Atts,metricOpt
5,6,"RPS5|6193,uc002qsn.2 COL10A1|1300,uc003pwm.2 ESM1|11082,uc003jpk.2 CST1|1469,uc002wtp.2 MTHFD1L|25902,uc003qob.2 LSP1|4046,uc001luk.2",0.999
4,5,"RPS5|6193,uc002qsn.2 COL10A1|1300,uc003pwm.2 ESM1|11082,uc003jpk.2 CST1|1469,uc002wtp.2 MTHFD1L|25902,uc003qob.2",0.998
3,4,"RPS5|6193,uc002qsn.2 COL10A1|1300,uc003pwm.2 ESM1|11082,uc003jpk.2 CST1|1469,uc002wtp.2",0.981
2,3,"RPS5|6193,uc002qsn.2 COL10A1|1300,uc003pwm.2 ESM1|11082,uc003jpk.2",0.951
1,2,"RPS5|6193,uc002qsn.2 COL10A1|1300,uc003pwm.2",0.788
0,1,"RPS5|6193,uc002qsn.2",0.5
