ID,NumberAtts,Atts,metricOpt
5,6,"RPS5|6193,uc002qsn.2 COL10A1|1300,uc003pwm.2 ESM1|11082,uc003jpk.2 HOXC10|3226,uc001sen.2 WNT2|7472,uc003viz.2 IL24|11009,uc001hes.1",0.999
4,5,"RPS5|6193,uc002qsn.2 COL10A1|1300,uc003pwm.2 ESM1|11082,uc003jpk.2 HOXC10|3226,uc001sen.2 WNT2|7472,uc003viz.2",0.983
3,4,"RPS5|6193,uc002qsn.2 COL10A1|1300,uc003pwm.2 ESM1|11082,uc003jpk.2 HOXC10|3226,uc001sen.2",0.969
2,3,"RPS5|6193,uc002qsn.2 COL10A1|1300,uc003pwm.2 ESM1|11082,uc003jpk.2",0.965
1,2,"RPS5|6193,uc002qsn.2 COL10A1|1300,uc003pwm.2",0.74
0,1,"RPS5|6193,uc002qsn.2",0.5
