ID,NumberAtts,Atts,metricOpt
5,6,"RPS5|6193,uc002qsn.2 COL10A1|1300,uc003pwm.2 ESM1|11082,uc003jpk.2 CST1|1469,uc002wtp.2 MTHFD1L|25902,uc003qob.2 HOXC10|3226,uc001sen.2",1.0
4,5,"RPS5|6193,uc002qsn.2 COL10A1|1300,uc003pwm.2 ESM1|11082,uc003jpk.2 CST1|1469,uc002wtp.2 MTHFD1L|25902,uc003qob.2",0.998
3,4,"RPS5|6193,uc002qsn.2 COL10A1|1300,uc003pwm.2 ESM1|11082,uc003jpk.2 CST1|1469,uc002wtp.2",0.977
2,3,"RPS5|6193,uc002qsn.2 COL10A1|1300,uc003pwm.2 ESM1|11082,uc003jpk.2",0.964
1,2,"RPS5|6193,uc002qsn.2 COL10A1|1300,uc003pwm.2",0.752
0,1,"RPS5|6193,uc002qsn.2",0.5
