ID,NumberAtts,Atts,metricOpt
7,8,"RPS4X|6191,uc004ear.2 ANGPTL6|83854,uc002mmy.1 CLEC4M|10332,uc010xjv.1 CLEC4G|339390,uc002mhp.3 GABRD|2563,uc001aip.2 NTF3|4908,uc001qnk.3 NCAM1|4684,uc001pnp.2 COL15A1|1306,uc004azb.1",0.997
6,7,"RPS4X|6191,uc004ear.2 ANGPTL6|83854,uc002mmy.1 CLEC4M|10332,uc010xjv.1 CLEC4G|339390,uc002mhp.3 GABRD|2563,uc001aip.2 NTF3|4908,uc001qnk.3 NCAM1|4684,uc001pnp.2",0.996
5,6,"RPS4X|6191,uc004ear.2 ANGPTL6|83854,uc002mmy.1 CLEC4M|10332,uc010xjv.1 CLEC4G|339390,uc002mhp.3 GABRD|2563,uc001aip.2 NTF3|4908,uc001qnk.3",0.994
4,5,"RPS4X|6191,uc004ear.2 ANGPTL6|83854,uc002mmy.1 CLEC4M|10332,uc010xjv.1 CLEC4G|339390,uc002mhp.3 GABRD|2563,uc001aip.2",0.982
3,4,"RPS4X|6191,uc004ear.2 ANGPTL6|83854,uc002mmy.1 CLEC4M|10332,uc010xjv.1 CLEC4G|339390,uc002mhp.3",0.977
2,3,"RPS4X|6191,uc004ear.2 ANGPTL6|83854,uc002mmy.1 CLEC4M|10332,uc010xjv.1",0.949
1,2,"RPS4X|6191,uc004ear.2 ANGPTL6|83854,uc002mmy.1",0.935
0,1,"RPS4X|6191,uc004ear.2",0.5
