ID,NumberAtts,Atts,metricOpt
11,12,"RPS4X|6191,uc004ear.2 ANGPTL6|83854,uc002mmy.1 CLEC4M|10332,uc010xjv.1 GDF2|2658,uc001jfa.1 CLEC4G|339390,uc002mhp.3 BMPER|168667,uc011kap.1 PVALB|5816,uc010gwz.2 CLEC4M|10332,uc010dvt.2 PLVAP|83483,uc002ngk.1 GPR123|84435,uc001llx.3 PRCC|5546,uc001fqa.2 NAT2|10,uc003wyw.1",0.973
10,11,"RPS4X|6191,uc004ear.2 ANGPTL6|83854,uc002mmy.1 CLEC4M|10332,uc010xjv.1 GDF2|2658,uc001jfa.1 CLEC4G|339390,uc002mhp.3 BMPER|168667,uc011kap.1 PVALB|5816,uc010gwz.2 CLEC4M|10332,uc010dvt.2 PLVAP|83483,uc002ngk.1 GPR123|84435,uc001llx.3 PRCC|5546,uc001fqa.2",0.971
9,10,"RPS4X|6191,uc004ear.2 ANGPTL6|83854,uc002mmy.1 CLEC4M|10332,uc010xjv.1 GDF2|2658,uc001jfa.1 CLEC4G|339390,uc002mhp.3 BMPER|168667,uc011kap.1 PVALB|5816,uc010gwz.2 CLEC4M|10332,uc010dvt.2 PLVAP|83483,uc002ngk.1 GPR123|84435,uc001llx.3",0.965
8,9,"RPS4X|6191,uc004ear.2 ANGPTL6|83854,uc002mmy.1 CLEC4M|10332,uc010xjv.1 GDF2|2658,uc001jfa.1 CLEC4G|339390,uc002mhp.3 BMPER|168667,uc011kap.1 PVALB|5816,uc010gwz.2 CLEC4M|10332,uc010dvt.2 PLVAP|83483,uc002ngk.1",0.962
7,8,"RPS4X|6191,uc004ear.2 ANGPTL6|83854,uc002mmy.1 CLEC4M|10332,uc010xjv.1 GDF2|2658,uc001jfa.1 CLEC4G|339390,uc002mhp.3 BMPER|168667,uc011kap.1 PVALB|5816,uc010gwz.2 CLEC4M|10332,uc010dvt.2",0.961
6,7,"RPS4X|6191,uc004ear.2 ANGPTL6|83854,uc002mmy.1 CLEC4M|10332,uc010xjv.1 GDF2|2658,uc001jfa.1 CLEC4G|339390,uc002mhp.3 BMPER|168667,uc011kap.1 PVALB|5816,uc010gwz.2",0.953
5,6,"RPS4X|6191,uc004ear.2 ANGPTL6|83854,uc002mmy.1 CLEC4M|10332,uc010xjv.1 GDF2|2658,uc001jfa.1 CLEC4G|339390,uc002mhp.3 BMPER|168667,uc011kap.1",0.952
4,5,"RPS4X|6191,uc004ear.2 ANGPTL6|83854,uc002mmy.1 CLEC4M|10332,uc010xjv.1 GDF2|2658,uc001jfa.1 CLEC4G|339390,uc002mhp.3",0.951
3,4,"RPS4X|6191,uc004ear.2 ANGPTL6|83854,uc002mmy.1 CLEC4M|10332,uc010xjv.1 GDF2|2658,uc001jfa.1",0.937
2,3,"RPS4X|6191,uc004ear.2 ANGPTL6|83854,uc002mmy.1 CLEC4M|10332,uc010xjv.1",0.901
1,2,"RPS4X|6191,uc004ear.2 ANGPTL6|83854,uc002mmy.1",0.865
0,1,"RPS4X|6191,uc004ear.2",0.5
