ID,NumberAtts,Atts,metricOpt
8,9,"RPS4X|6191,uc004ear.2 ANGPTL6|83854,uc002mmy.1 GDF2|2658,uc001jfa.1 COLEC10|10584,uc003yoo.2 VIPR1|7433,uc003clg.2 GABRD|2563,uc001aip.2 NTF3|4908,uc001qnk.3 PTH1R|5745,uc003cqm.2 CLDN10|9071,uc001vmh.2",0.996
7,8,"RPS4X|6191,uc004ear.2 ANGPTL6|83854,uc002mmy.1 GDF2|2658,uc001jfa.1 COLEC10|10584,uc003yoo.2 VIPR1|7433,uc003clg.2 GABRD|2563,uc001aip.2 NTF3|4908,uc001qnk.3 PTH1R|5745,uc003cqm.2",0.994
6,7,"RPS4X|6191,uc004ear.2 ANGPTL6|83854,uc002mmy.1 GDF2|2658,uc001jfa.1 COLEC10|10584,uc003yoo.2 VIPR1|7433,uc003clg.2 GABRD|2563,uc001aip.2 NTF3|4908,uc001qnk.3",0.993
5,6,"RPS4X|6191,uc004ear.2 ANGPTL6|83854,uc002mmy.1 GDF2|2658,uc001jfa.1 COLEC10|10584,uc003yoo.2 VIPR1|7433,uc003clg.2 GABRD|2563,uc001aip.2",0.991
4,5,"RPS4X|6191,uc004ear.2 ANGPTL6|83854,uc002mmy.1 GDF2|2658,uc001jfa.1 COLEC10|10584,uc003yoo.2 VIPR1|7433,uc003clg.2",0.986
3,4,"RPS4X|6191,uc004ear.2 ANGPTL6|83854,uc002mmy.1 GDF2|2658,uc001jfa.1 COLEC10|10584,uc003yoo.2",0.975
2,3,"RPS4X|6191,uc004ear.2 ANGPTL6|83854,uc002mmy.1 GDF2|2658,uc001jfa.1",0.974
1,2,"RPS4X|6191,uc004ear.2 ANGPTL6|83854,uc002mmy.1",0.945
0,1,"RPS4X|6191,uc004ear.2",0.5
