ID,NumberAtts,Atts,metricOpt
5,6,"MICAL3|57553,uc010grf.2 LCN10|414332,uc004civ.2 SYNE1|23345,uc003qop.3 ALDH1A2|8854,uc002aew.2 LSP1|4046,uc001luj.2 SLC8A2|6543,uc002pgx.2",1.0
4,5,"MICAL3|57553,uc010grf.2 LCN10|414332,uc004civ.2 SYNE1|23345,uc003qop.3 ALDH1A2|8854,uc002aew.2 LSP1|4046,uc001luj.2",0.997
3,4,"MICAL3|57553,uc010grf.2 LCN10|414332,uc004civ.2 SYNE1|23345,uc003qop.3 ALDH1A2|8854,uc002aew.2",0.976
2,3,"MICAL3|57553,uc010grf.2 LCN10|414332,uc004civ.2 SYNE1|23345,uc003qop.3",0.971
1,2,"MICAL3|57553,uc010grf.2 LCN10|414332,uc004civ.2",0.929
0,1,"MICAL3|57553,uc010grf.2",0.919
