ID,NumberAtts,Atts,metricOpt
6,7,"MICAL3|57553,uc010grf.2 RERGL|79785,uc001rdq.2 CLEC4M|10332,uc010xjw.1 CCL14|6358,uc010wcq.1 CLEC4M|10332,uc002mic.2 KIF13A|63971,uc003nch.3 CACNA1G|8913,uc002isj.2",0.974
5,6,"MICAL3|57553,uc010grf.2 RERGL|79785,uc001rdq.2 CLEC4M|10332,uc010xjw.1 CCL14|6358,uc010wcq.1 CLEC4M|10332,uc002mic.2 KIF13A|63971,uc003nch.3",0.95
4,5,"MICAL3|57553,uc010grf.2 RERGL|79785,uc001rdq.2 CLEC4M|10332,uc010xjw.1 CCL14|6358,uc010wcq.1 CLEC4M|10332,uc002mic.2",0.948
3,4,"MICAL3|57553,uc010grf.2 RERGL|79785,uc001rdq.2 CLEC4M|10332,uc010xjw.1 CCL14|6358,uc010wcq.1",0.93
2,3,"MICAL3|57553,uc010grf.2 RERGL|79785,uc001rdq.2 CLEC4M|10332,uc010xjw.1",0.927
1,2,"MICAL3|57553,uc010grf.2 RERGL|79785,uc001rdq.2",0.924
0,1,"MICAL3|57553,uc010grf.2",0.838
