ID,NumberAtts,Atts,metricOpt
5,6,"RPL37|6167,uc003jme.1 CLEC4M|10332,uc010dvt.2 CLEC4M|10332,uc002mic.2 ANGPTL6|83854,uc002mmy.1 GABRD|2563,uc001aip.2 ADAMTS13|11093,uc004ceb.3",0.985
4,5,"RPL37|6167,uc003jme.1 CLEC4M|10332,uc010dvt.2 CLEC4M|10332,uc002mic.2 ANGPTL6|83854,uc002mmy.1 GABRD|2563,uc001aip.2",0.972
3,4,"RPL37|6167,uc003jme.1 CLEC4M|10332,uc010dvt.2 CLEC4M|10332,uc002mic.2 ANGPTL6|83854,uc002mmy.1",0.948
2,3,"RPL37|6167,uc003jme.1 CLEC4M|10332,uc010dvt.2 CLEC4M|10332,uc002mic.2",0.939
1,2,"RPL37|6167,uc003jme.1 CLEC4M|10332,uc010dvt.2",0.928
0,1,"RPL37|6167,uc003jme.1",0.5
