ID,NumberAtts,Atts,metricOpt
9,10,"RPL37|6167,uc003jme.1 CLEC4M|10332,uc010dvt.2 CLEC4M|10332,uc002mic.2 ANGPTL6|83854,uc002mmy.1 PLVAP|83483,uc002ngk.1 ADAMTS13|11093,uc004cdz.3 CXorf36|79742,uc004dgi.3 BMPER|168667,uc011kap.1 PVALB|5816,uc010gwz.2 MND1|84057,uc003ink.1",0.993
8,9,"RPL37|6167,uc003jme.1 CLEC4M|10332,uc010dvt.2 CLEC4M|10332,uc002mic.2 ANGPTL6|83854,uc002mmy.1 PLVAP|83483,uc002ngk.1 ADAMTS13|11093,uc004cdz.3 CXorf36|79742,uc004dgi.3 BMPER|168667,uc011kap.1 PVALB|5816,uc010gwz.2",0.992
7,8,"RPL37|6167,uc003jme.1 CLEC4M|10332,uc010dvt.2 CLEC4M|10332,uc002mic.2 ANGPTL6|83854,uc002mmy.1 PLVAP|83483,uc002ngk.1 ADAMTS13|11093,uc004cdz.3 CXorf36|79742,uc004dgi.3 BMPER|168667,uc011kap.1",0.99
6,7,"RPL37|6167,uc003jme.1 CLEC4M|10332,uc010dvt.2 CLEC4M|10332,uc002mic.2 ANGPTL6|83854,uc002mmy.1 PLVAP|83483,uc002ngk.1 ADAMTS13|11093,uc004cdz.3 CXorf36|79742,uc004dgi.3",0.989
5,6,"RPL37|6167,uc003jme.1 CLEC4M|10332,uc010dvt.2 CLEC4M|10332,uc002mic.2 ANGPTL6|83854,uc002mmy.1 PLVAP|83483,uc002ngk.1 ADAMTS13|11093,uc004cdz.3",0.983
4,5,"RPL37|6167,uc003jme.1 CLEC4M|10332,uc010dvt.2 CLEC4M|10332,uc002mic.2 ANGPTL6|83854,uc002mmy.1 PLVAP|83483,uc002ngk.1",0.982
3,4,"RPL37|6167,uc003jme.1 CLEC4M|10332,uc010dvt.2 CLEC4M|10332,uc002mic.2 ANGPTL6|83854,uc002mmy.1",0.971
2,3,"RPL37|6167,uc003jme.1 CLEC4M|10332,uc010dvt.2 CLEC4M|10332,uc002mic.2",0.968
1,2,"RPL37|6167,uc003jme.1 CLEC4M|10332,uc010dvt.2",0.956
0,1,"RPL37|6167,uc003jme.1",0.5
