ID,NumberAtts,Atts,metricOpt
14,15,"KLK5|25818,uc002pug.2 C7|730,uc003jmh.2 PLA2G2F|64600,uc009vpp.1 KRT75|9119,uc001saj.2 uc002gxb.2 LGALS7B|653499,uc002ojf.3 KRT14|3861,uc002hxf.1 MUCL1|118430,uc001sgk.2 BPIL2|254240,uc003amn.2 PLA2G4E|123745,uc001zow.1 uc003zlc.1 ODZ2|57451,uc010jje.2 TP53AIP1|63970,uc001qey.2 PI3|5266,uc002xng.2 LCE1F|353137,uc010pdv.1",0.854
13,14,"KLK5|25818,uc002pug.2 C7|730,uc003jmh.2 PLA2G2F|64600,uc009vpp.1 KRT75|9119,uc001saj.2 uc002gxb.2 LGALS7B|653499,uc002ojf.3 KRT14|3861,uc002hxf.1 MUCL1|118430,uc001sgk.2 BPIL2|254240,uc003amn.2 PLA2G4E|123745,uc001zow.1 uc003zlc.1 ODZ2|57451,uc010jje.2 TP53AIP1|63970,uc001qey.2 PI3|5266,uc002xng.2",0.847
12,13,"KLK5|25818,uc002pug.2 C7|730,uc003jmh.2 PLA2G2F|64600,uc009vpp.1 KRT75|9119,uc001saj.2 uc002gxb.2 LGALS7B|653499,uc002ojf.3 KRT14|3861,uc002hxf.1 MUCL1|118430,uc001sgk.2 BPIL2|254240,uc003amn.2 PLA2G4E|123745,uc001zow.1 uc003zlc.1 ODZ2|57451,uc010jje.2 TP53AIP1|63970,uc001qey.2",0.845
11,12,"KLK5|25818,uc002pug.2 C7|730,uc003jmh.2 PLA2G2F|64600,uc009vpp.1 KRT75|9119,uc001saj.2 uc002gxb.2 LGALS7B|653499,uc002ojf.3 KRT14|3861,uc002hxf.1 MUCL1|118430,uc001sgk.2 BPIL2|254240,uc003amn.2 PLA2G4E|123745,uc001zow.1 uc003zlc.1 ODZ2|57451,uc010jje.2",0.841
10,11,"KLK5|25818,uc002pug.2 C7|730,uc003jmh.2 PLA2G2F|64600,uc009vpp.1 KRT75|9119,uc001saj.2 uc002gxb.2 LGALS7B|653499,uc002ojf.3 KRT14|3861,uc002hxf.1 MUCL1|118430,uc001sgk.2 BPIL2|254240,uc003amn.2 PLA2G4E|123745,uc001zow.1 uc003zlc.1",0.84
9,10,"KLK5|25818,uc002pug.2 C7|730,uc003jmh.2 PLA2G2F|64600,uc009vpp.1 KRT75|9119,uc001saj.2 uc002gxb.2 LGALS7B|653499,uc002ojf.3 KRT14|3861,uc002hxf.1 MUCL1|118430,uc001sgk.2 BPIL2|254240,uc003amn.2 PLA2G4E|123745,uc001zow.1",0.837
8,9,"KLK5|25818,uc002pug.2 C7|730,uc003jmh.2 PLA2G2F|64600,uc009vpp.1 KRT75|9119,uc001saj.2 uc002gxb.2 LGALS7B|653499,uc002ojf.3 KRT14|3861,uc002hxf.1 MUCL1|118430,uc001sgk.2 BPIL2|254240,uc003amn.2",0.835
7,8,"KLK5|25818,uc002pug.2 C7|730,uc003jmh.2 PLA2G2F|64600,uc009vpp.1 KRT75|9119,uc001saj.2 uc002gxb.2 LGALS7B|653499,uc002ojf.3 KRT14|3861,uc002hxf.1 MUCL1|118430,uc001sgk.2",0.834
6,7,"KLK5|25818,uc002pug.2 C7|730,uc003jmh.2 PLA2G2F|64600,uc009vpp.1 KRT75|9119,uc001saj.2 uc002gxb.2 LGALS7B|653499,uc002ojf.3 KRT14|3861,uc002hxf.1",0.828
5,6,"KLK5|25818,uc002pug.2 C7|730,uc003jmh.2 PLA2G2F|64600,uc009vpp.1 KRT75|9119,uc001saj.2 uc002gxb.2 LGALS7B|653499,uc002ojf.3",0.827
4,5,"KLK5|25818,uc002pug.2 C7|730,uc003jmh.2 PLA2G2F|64600,uc009vpp.1 KRT75|9119,uc001saj.2 uc002gxb.2",0.826
3,4,"KLK5|25818,uc002pug.2 C7|730,uc003jmh.2 PLA2G2F|64600,uc009vpp.1 KRT75|9119,uc001saj.2",0.822
2,3,"KLK5|25818,uc002pug.2 C7|730,uc003jmh.2 PLA2G2F|64600,uc009vpp.1",0.819
1,2,"KLK5|25818,uc002pug.2 C7|730,uc003jmh.2",0.815
0,1,"KLK5|25818,uc002pug.2",0.768
