ID,NumberAtts,Atts,metricOpt
11,12,"KLK5|25818,uc002pug.2 uc010vya.1 S100A7A|338324,uc001fbt.1 LCE2B|26239,uc001fai.2 C7|730,uc003jmh.2 PLA2G2F|64600,uc009vpp.1 SPRR4|163778,uc001fav.1 AKR1B15|441282,uc003vrt.2 LCE3D|84648,uc001fab.2 ANXA8|653145,uc010qfv.1 KRT16|3868,uc002hxg.3 SERPINB3|6317,uc002lji.2",0.844
10,11,"KLK5|25818,uc002pug.2 uc010vya.1 S100A7A|338324,uc001fbt.1 LCE2B|26239,uc001fai.2 C7|730,uc003jmh.2 PLA2G2F|64600,uc009vpp.1 SPRR4|163778,uc001fav.1 AKR1B15|441282,uc003vrt.2 LCE3D|84648,uc001fab.2 ANXA8|653145,uc010qfv.1 KRT16|3868,uc002hxg.3",0.828
9,10,"KLK5|25818,uc002pug.2 uc010vya.1 S100A7A|338324,uc001fbt.1 LCE2B|26239,uc001fai.2 C7|730,uc003jmh.2 PLA2G2F|64600,uc009vpp.1 SPRR4|163778,uc001fav.1 AKR1B15|441282,uc003vrt.2 LCE3D|84648,uc001fab.2 ANXA8|653145,uc010qfv.1",0.825
8,9,"KLK5|25818,uc002pug.2 uc010vya.1 S100A7A|338324,uc001fbt.1 LCE2B|26239,uc001fai.2 C7|730,uc003jmh.2 PLA2G2F|64600,uc009vpp.1 SPRR4|163778,uc001fav.1 AKR1B15|441282,uc003vrt.2 LCE3D|84648,uc001fab.2",0.824
7,8,"KLK5|25818,uc002pug.2 uc010vya.1 S100A7A|338324,uc001fbt.1 LCE2B|26239,uc001fai.2 C7|730,uc003jmh.2 PLA2G2F|64600,uc009vpp.1 SPRR4|163778,uc001fav.1 AKR1B15|441282,uc003vrt.2",0.822
6,7,"KLK5|25818,uc002pug.2 uc010vya.1 S100A7A|338324,uc001fbt.1 LCE2B|26239,uc001fai.2 C7|730,uc003jmh.2 PLA2G2F|64600,uc009vpp.1 SPRR4|163778,uc001fav.1",0.819
5,6,"KLK5|25818,uc002pug.2 uc010vya.1 S100A7A|338324,uc001fbt.1 LCE2B|26239,uc001fai.2 C7|730,uc003jmh.2 PLA2G2F|64600,uc009vpp.1",0.814
4,5,"KLK5|25818,uc002pug.2 uc010vya.1 S100A7A|338324,uc001fbt.1 LCE2B|26239,uc001fai.2 C7|730,uc003jmh.2",0.804
3,4,"KLK5|25818,uc002pug.2 uc010vya.1 S100A7A|338324,uc001fbt.1 LCE2B|26239,uc001fai.2",0.772
2,3,"KLK5|25818,uc002pug.2 uc010vya.1 S100A7A|338324,uc001fbt.1",0.754
1,2,"KLK5|25818,uc002pug.2 uc010vya.1",0.753
0,1,"KLK5|25818,uc002pug.2",0.722
