ID,NumberAtts,Atts,metricOpt
9,10,"CLEC2A|387836,uc009zhb.2 ANXA8|653145,uc001jev.2 KLK5|25818,uc002pug.2 ANXA8|653145,uc001jeh.2 KRT75|9119,uc001saj.2 S100A7A|338324,uc001fbt.1 SERPINB4|6318,uc002ljf.2 C7|730,uc003jmh.2 FOXN1|8456,uc010crm.2 KLK5|25818,uc002puf.2",0.841
8,9,"CLEC2A|387836,uc009zhb.2 ANXA8|653145,uc001jev.2 KLK5|25818,uc002pug.2 ANXA8|653145,uc001jeh.2 KRT75|9119,uc001saj.2 S100A7A|338324,uc001fbt.1 SERPINB4|6318,uc002ljf.2 C7|730,uc003jmh.2 FOXN1|8456,uc010crm.2",0.835
7,8,"CLEC2A|387836,uc009zhb.2 ANXA8|653145,uc001jev.2 KLK5|25818,uc002pug.2 ANXA8|653145,uc001jeh.2 KRT75|9119,uc001saj.2 S100A7A|338324,uc001fbt.1 SERPINB4|6318,uc002ljf.2 C7|730,uc003jmh.2",0.833
6,7,"CLEC2A|387836,uc009zhb.2 ANXA8|653145,uc001jev.2 KLK5|25818,uc002pug.2 ANXA8|653145,uc001jeh.2 KRT75|9119,uc001saj.2 S100A7A|338324,uc001fbt.1 SERPINB4|6318,uc002ljf.2",0.793
5,6,"CLEC2A|387836,uc009zhb.2 ANXA8|653145,uc001jev.2 KLK5|25818,uc002pug.2 ANXA8|653145,uc001jeh.2 KRT75|9119,uc001saj.2 S100A7A|338324,uc001fbt.1",0.788
4,5,"CLEC2A|387836,uc009zhb.2 ANXA8|653145,uc001jev.2 KLK5|25818,uc002pug.2 ANXA8|653145,uc001jeh.2 KRT75|9119,uc001saj.2",0.786
3,4,"CLEC2A|387836,uc009zhb.2 ANXA8|653145,uc001jev.2 KLK5|25818,uc002pug.2 ANXA8|653145,uc001jeh.2",0.769
2,3,"CLEC2A|387836,uc009zhb.2 ANXA8|653145,uc001jev.2 KLK5|25818,uc002pug.2",0.768
1,2,"CLEC2A|387836,uc009zhb.2 ANXA8|653145,uc001jev.2",0.766
0,1,"CLEC2A|387836,uc009zhb.2",0.712
