ID,NumberAtts,Atts,metricOpt
9,10,"CLEC2A|387836,uc009zhb.2 ANXA8|653145,uc001jev.2 ANXA8L2|244,uc001jem.2 AKR1B15|441282,uc003vrt.2 KLK5|25818,uc002pug.2 KRT75|9119,uc001saj.2 WFDC12|128488,uc002xnf.1 C7|730,uc003jmh.2 TMEM40|55287,uc003bxg.1 FGFR2|2263,uc010qtj.1",0.843
8,9,"CLEC2A|387836,uc009zhb.2 ANXA8|653145,uc001jev.2 ANXA8L2|244,uc001jem.2 AKR1B15|441282,uc003vrt.2 KLK5|25818,uc002pug.2 KRT75|9119,uc001saj.2 WFDC12|128488,uc002xnf.1 C7|730,uc003jmh.2 TMEM40|55287,uc003bxg.1",0.838
7,8,"CLEC2A|387836,uc009zhb.2 ANXA8|653145,uc001jev.2 ANXA8L2|244,uc001jem.2 AKR1B15|441282,uc003vrt.2 KLK5|25818,uc002pug.2 KRT75|9119,uc001saj.2 WFDC12|128488,uc002xnf.1 C7|730,uc003jmh.2",0.832
6,7,"CLEC2A|387836,uc009zhb.2 ANXA8|653145,uc001jev.2 ANXA8L2|244,uc001jem.2 AKR1B15|441282,uc003vrt.2 KLK5|25818,uc002pug.2 KRT75|9119,uc001saj.2 WFDC12|128488,uc002xnf.1",0.805
5,6,"CLEC2A|387836,uc009zhb.2 ANXA8|653145,uc001jev.2 ANXA8L2|244,uc001jem.2 AKR1B15|441282,uc003vrt.2 KLK5|25818,uc002pug.2 KRT75|9119,uc001saj.2",0.799
4,5,"CLEC2A|387836,uc009zhb.2 ANXA8|653145,uc001jev.2 ANXA8L2|244,uc001jem.2 AKR1B15|441282,uc003vrt.2 KLK5|25818,uc002pug.2",0.791
3,4,"CLEC2A|387836,uc009zhb.2 ANXA8|653145,uc001jev.2 ANXA8L2|244,uc001jem.2 AKR1B15|441282,uc003vrt.2",0.765
2,3,"CLEC2A|387836,uc009zhb.2 ANXA8|653145,uc001jev.2 ANXA8L2|244,uc001jem.2",0.761
1,2,"CLEC2A|387836,uc009zhb.2 ANXA8|653145,uc001jev.2",0.737
0,1,"CLEC2A|387836,uc009zhb.2",0.687
