ID,NumberAtts,Atts,metricOpt
9,10,"CLEC2A|387836,uc009zhb.2 ANXA8|653145,uc001jev.2 AKR1B15|441282,uc003vrt.2 CASP14|23581,uc010dzv.1 LOC642587|642587,uc009xcn.2 C7|730,uc003jmh.2 KPRP|448834,uc001fal.1 LOR|4014,uc001fbm.2 FAM25A|643161,uc010qmo.1 KLK8|11202,uc002pur.1",0.865
8,9,"CLEC2A|387836,uc009zhb.2 ANXA8|653145,uc001jev.2 AKR1B15|441282,uc003vrt.2 CASP14|23581,uc010dzv.1 LOC642587|642587,uc009xcn.2 C7|730,uc003jmh.2 KPRP|448834,uc001fal.1 LOR|4014,uc001fbm.2 FAM25A|643161,uc010qmo.1",0.862
7,8,"CLEC2A|387836,uc009zhb.2 ANXA8|653145,uc001jev.2 AKR1B15|441282,uc003vrt.2 CASP14|23581,uc010dzv.1 LOC642587|642587,uc009xcn.2 C7|730,uc003jmh.2 KPRP|448834,uc001fal.1 LOR|4014,uc001fbm.2",0.861
6,7,"CLEC2A|387836,uc009zhb.2 ANXA8|653145,uc001jev.2 AKR1B15|441282,uc003vrt.2 CASP14|23581,uc010dzv.1 LOC642587|642587,uc009xcn.2 C7|730,uc003jmh.2 KPRP|448834,uc001fal.1",0.858
5,6,"CLEC2A|387836,uc009zhb.2 ANXA8|653145,uc001jev.2 AKR1B15|441282,uc003vrt.2 CASP14|23581,uc010dzv.1 LOC642587|642587,uc009xcn.2 C7|730,uc003jmh.2",0.83
4,5,"CLEC2A|387836,uc009zhb.2 ANXA8|653145,uc001jev.2 AKR1B15|441282,uc003vrt.2 CASP14|23581,uc010dzv.1 LOC642587|642587,uc009xcn.2",0.809
3,4,"CLEC2A|387836,uc009zhb.2 ANXA8|653145,uc001jev.2 AKR1B15|441282,uc003vrt.2 CASP14|23581,uc010dzv.1",0.806
2,3,"CLEC2A|387836,uc009zhb.2 ANXA8|653145,uc001jev.2 AKR1B15|441282,uc003vrt.2",0.805
1,2,"CLEC2A|387836,uc009zhb.2 ANXA8|653145,uc001jev.2",0.794
0,1,"CLEC2A|387836,uc009zhb.2",0.712
