ID,NumberAtts,Atts,metricOpt
6,7,"HIF3A|64344,uc002pei.3 IGSF1|3547,uc004ewd.2 ZNF536|9745,uc002nsu.1 PI16|221476,uc003onb.2 EME1|146956,uc002iqs.1 HOXC8|3224,uc001ser.2 TPX2|22974,uc002wwp.1",1.0
5,6,"HIF3A|64344,uc002pei.3 IGSF1|3547,uc004ewd.2 ZNF536|9745,uc002nsu.1 PI16|221476,uc003onb.2 EME1|146956,uc002iqs.1 HOXC8|3224,uc001ser.2",0.955
4,5,"HIF3A|64344,uc002pei.3 IGSF1|3547,uc004ewd.2 ZNF536|9745,uc002nsu.1 PI16|221476,uc003onb.2 EME1|146956,uc002iqs.1",0.909
3,4,"HIF3A|64344,uc002pei.3 IGSF1|3547,uc004ewd.2 ZNF536|9745,uc002nsu.1 PI16|221476,uc003onb.2",0.904
2,3,"HIF3A|64344,uc002pei.3 IGSF1|3547,uc004ewd.2 ZNF536|9745,uc002nsu.1",0.901
1,2,"HIF3A|64344,uc002pei.3 IGSF1|3547,uc004ewd.2",0.858
0,1,"HIF3A|64344,uc002pei.3",0.623
