ID,NumberAtts,Atts,metricOpt
11,12,"uc004cos.3 KIF13A|63971,uc003nch.3 RERGL|79785,uc001rdq.2 CLSTN1|22883,uc001aqh.2 MICAL3|57553,uc010grf.2 ABI1|10006,uc001isy.2 EXO1|9156,uc001hzi.2 CLEC4M|10332,uc010dvt.2 ARHGAP20|57569,uc001pkz.1 TACC1|6867,uc003xlz.2 PACS2|23241,uc001yqu.2 ACTB|60,uc003soq.3",0.974
10,11,"uc004cos.3 KIF13A|63971,uc003nch.3 RERGL|79785,uc001rdq.2 CLSTN1|22883,uc001aqh.2 MICAL3|57553,uc010grf.2 ABI1|10006,uc001isy.2 EXO1|9156,uc001hzi.2 CLEC4M|10332,uc010dvt.2 ARHGAP20|57569,uc001pkz.1 TACC1|6867,uc003xlz.2 PACS2|23241,uc001yqu.2",0.971
9,10,"uc004cos.3 KIF13A|63971,uc003nch.3 RERGL|79785,uc001rdq.2 CLSTN1|22883,uc001aqh.2 MICAL3|57553,uc010grf.2 ABI1|10006,uc001isy.2 EXO1|9156,uc001hzi.2 CLEC4M|10332,uc010dvt.2 ARHGAP20|57569,uc001pkz.1 TACC1|6867,uc003xlz.2",0.969
8,9,"uc004cos.3 KIF13A|63971,uc003nch.3 RERGL|79785,uc001rdq.2 CLSTN1|22883,uc001aqh.2 MICAL3|57553,uc010grf.2 ABI1|10006,uc001isy.2 EXO1|9156,uc001hzi.2 CLEC4M|10332,uc010dvt.2 ARHGAP20|57569,uc001pkz.1",0.945
7,8,"uc004cos.3 KIF13A|63971,uc003nch.3 RERGL|79785,uc001rdq.2 CLSTN1|22883,uc001aqh.2 MICAL3|57553,uc010grf.2 ABI1|10006,uc001isy.2 EXO1|9156,uc001hzi.2 CLEC4M|10332,uc010dvt.2",0.942
6,7,"uc004cos.3 KIF13A|63971,uc003nch.3 RERGL|79785,uc001rdq.2 CLSTN1|22883,uc001aqh.2 MICAL3|57553,uc010grf.2 ABI1|10006,uc001isy.2 EXO1|9156,uc001hzi.2",0.935
5,6,"uc004cos.3 KIF13A|63971,uc003nch.3 RERGL|79785,uc001rdq.2 CLSTN1|22883,uc001aqh.2 MICAL3|57553,uc010grf.2 ABI1|10006,uc001isy.2",0.927
4,5,"uc004cos.3 KIF13A|63971,uc003nch.3 RERGL|79785,uc001rdq.2 CLSTN1|22883,uc001aqh.2 MICAL3|57553,uc010grf.2",0.903
3,4,"uc004cos.3 KIF13A|63971,uc003nch.3 RERGL|79785,uc001rdq.2 CLSTN1|22883,uc001aqh.2",0.888
2,3,"uc004cos.3 KIF13A|63971,uc003nch.3 RERGL|79785,uc001rdq.2",0.872
1,2,"uc004cos.3 KIF13A|63971,uc003nch.3",0.87
0,1,uc004cos.3,0.5
