ID,NumberAtts,Atts,metricOpt
5,6,"uc004cos.3 KIF13A|63971,uc003nch.3 RERGL|79785,uc001rdq.2 SPARCL1|8404,uc011cdd.1 CACNB2|783,uc001ipu.2 SCARA5|286133,uc003xgj.2",0.956
4,5,"uc004cos.3 KIF13A|63971,uc003nch.3 RERGL|79785,uc001rdq.2 SPARCL1|8404,uc011cdd.1 CACNB2|783,uc001ipu.2",0.953
3,4,"uc004cos.3 KIF13A|63971,uc003nch.3 RERGL|79785,uc001rdq.2 SPARCL1|8404,uc011cdd.1",0.932
2,3,"uc004cos.3 KIF13A|63971,uc003nch.3 RERGL|79785,uc001rdq.2",0.93
1,2,"uc004cos.3 KIF13A|63971,uc003nch.3",0.849
0,1,uc004cos.3,0.5
