ID,NumberAtts,Atts,metricOpt
6,7,"TRPM4|54795,uc002pmw.2 DLX1|1745,uc002uhl.2 DLX1|1745,uc010fqj.1 SLC45A2|51151,uc003jid.2 SLC45A2|51151,uc003jie.2 MCF2|4168,uc004fav.2 TGIF1|7050,uc002klu.2",0.948
5,6,"TRPM4|54795,uc002pmw.2 DLX1|1745,uc002uhl.2 DLX1|1745,uc010fqj.1 SLC45A2|51151,uc003jid.2 SLC45A2|51151,uc003jie.2 MCF2|4168,uc004fav.2",0.938
4,5,"TRPM4|54795,uc002pmw.2 DLX1|1745,uc002uhl.2 DLX1|1745,uc010fqj.1 SLC45A2|51151,uc003jid.2 SLC45A2|51151,uc003jie.2",0.927
3,4,"TRPM4|54795,uc002pmw.2 DLX1|1745,uc002uhl.2 DLX1|1745,uc010fqj.1 SLC45A2|51151,uc003jid.2",0.906
2,3,"TRPM4|54795,uc002pmw.2 DLX1|1745,uc002uhl.2 DLX1|1745,uc010fqj.1",0.885
1,2,"TRPM4|54795,uc002pmw.2 DLX1|1745,uc002uhl.2",0.875
0,1,"TRPM4|54795,uc002pmw.2",0.792
