ID,NumberAtts,Atts,metricOpt
7,8,"TRPM4|54795,uc002pmw.2 DLX1|1745,uc002uhl.2 DLX1|1745,uc010fqj.1 TDRD1|56165,uc001lbg.1 SLC45A2|51151,uc003jid.2 AMACR|23600,uc003jil.1 SLC45A2|51151,uc003jie.2 HOXC4|3221,uc001seu.2",0.948
6,7,"TRPM4|54795,uc002pmw.2 DLX1|1745,uc002uhl.2 DLX1|1745,uc010fqj.1 TDRD1|56165,uc001lbg.1 SLC45A2|51151,uc003jid.2 AMACR|23600,uc003jil.1 SLC45A2|51151,uc003jie.2",0.927
5,6,"TRPM4|54795,uc002pmw.2 DLX1|1745,uc002uhl.2 DLX1|1745,uc010fqj.1 TDRD1|56165,uc001lbg.1 SLC45A2|51151,uc003jid.2 AMACR|23600,uc003jil.1",0.917
4,5,"TRPM4|54795,uc002pmw.2 DLX1|1745,uc002uhl.2 DLX1|1745,uc010fqj.1 TDRD1|56165,uc001lbg.1 SLC45A2|51151,uc003jid.2",0.906
3,4,"TRPM4|54795,uc002pmw.2 DLX1|1745,uc002uhl.2 DLX1|1745,uc010fqj.1 TDRD1|56165,uc001lbg.1",0.896
2,3,"TRPM4|54795,uc002pmw.2 DLX1|1745,uc002uhl.2 DLX1|1745,uc010fqj.1",0.875
1,2,"TRPM4|54795,uc002pmw.2 DLX1|1745,uc002uhl.2",0.865
0,1,"TRPM4|54795,uc002pmw.2",0.792
