ID,NumberAtts,Atts,metricOpt
13,14,"RPS3|6188,uc001owh.2 FARSA|2193,uc010dyy.1 DEFB131|644414,uc011bwt.1 COL6A3|1293,uc010znk.1 PITRM1|10531,uc010qai.1 CACNA2D3|55799,uc011beu.1 CRNKL1|51340,uc002wrt.1 GABRB3|2562,uc001zaz.2 CACNA2D3|55799,uc003dhh.1 NR1I3|9970,uc001fzy.2 ASB11|140456,uc004cwp.1 CWH43|80157,uc003gyv.2 FBXO3|26273,uc010rek.1 IGJ|3512,uc010ihz.2",0.939
12,13,"RPS3|6188,uc001owh.2 FARSA|2193,uc010dyy.1 DEFB131|644414,uc011bwt.1 COL6A3|1293,uc010znk.1 PITRM1|10531,uc010qai.1 CACNA2D3|55799,uc011beu.1 CRNKL1|51340,uc002wrt.1 GABRB3|2562,uc001zaz.2 CACNA2D3|55799,uc003dhh.1 NR1I3|9970,uc001fzy.2 ASB11|140456,uc004cwp.1 CWH43|80157,uc003gyv.2 FBXO3|26273,uc010rek.1",0.926
11,12,"RPS3|6188,uc001owh.2 FARSA|2193,uc010dyy.1 DEFB131|644414,uc011bwt.1 COL6A3|1293,uc010znk.1 PITRM1|10531,uc010qai.1 CACNA2D3|55799,uc011beu.1 CRNKL1|51340,uc002wrt.1 GABRB3|2562,uc001zaz.2 CACNA2D3|55799,uc003dhh.1 NR1I3|9970,uc001fzy.2 ASB11|140456,uc004cwp.1 CWH43|80157,uc003gyv.2",0.925
10,11,"RPS3|6188,uc001owh.2 FARSA|2193,uc010dyy.1 DEFB131|644414,uc011bwt.1 COL6A3|1293,uc010znk.1 PITRM1|10531,uc010qai.1 CACNA2D3|55799,uc011beu.1 CRNKL1|51340,uc002wrt.1 GABRB3|2562,uc001zaz.2 CACNA2D3|55799,uc003dhh.1 NR1I3|9970,uc001fzy.2 ASB11|140456,uc004cwp.1",0.895
9,10,"RPS3|6188,uc001owh.2 FARSA|2193,uc010dyy.1 DEFB131|644414,uc011bwt.1 COL6A3|1293,uc010znk.1 PITRM1|10531,uc010qai.1 CACNA2D3|55799,uc011beu.1 CRNKL1|51340,uc002wrt.1 GABRB3|2562,uc001zaz.2 CACNA2D3|55799,uc003dhh.1 NR1I3|9970,uc001fzy.2",0.893
8,9,"RPS3|6188,uc001owh.2 FARSA|2193,uc010dyy.1 DEFB131|644414,uc011bwt.1 COL6A3|1293,uc010znk.1 PITRM1|10531,uc010qai.1 CACNA2D3|55799,uc011beu.1 CRNKL1|51340,uc002wrt.1 GABRB3|2562,uc001zaz.2 CACNA2D3|55799,uc003dhh.1",0.877
7,8,"RPS3|6188,uc001owh.2 FARSA|2193,uc010dyy.1 DEFB131|644414,uc011bwt.1 COL6A3|1293,uc010znk.1 PITRM1|10531,uc010qai.1 CACNA2D3|55799,uc011beu.1 CRNKL1|51340,uc002wrt.1 GABRB3|2562,uc001zaz.2",0.865
6,7,"RPS3|6188,uc001owh.2 FARSA|2193,uc010dyy.1 DEFB131|644414,uc011bwt.1 COL6A3|1293,uc010znk.1 PITRM1|10531,uc010qai.1 CACNA2D3|55799,uc011beu.1 CRNKL1|51340,uc002wrt.1",0.864
5,6,"RPS3|6188,uc001owh.2 FARSA|2193,uc010dyy.1 DEFB131|644414,uc011bwt.1 COL6A3|1293,uc010znk.1 PITRM1|10531,uc010qai.1 CACNA2D3|55799,uc011beu.1",0.851
4,5,"RPS3|6188,uc001owh.2 FARSA|2193,uc010dyy.1 DEFB131|644414,uc011bwt.1 COL6A3|1293,uc010znk.1 PITRM1|10531,uc010qai.1",0.789
3,4,"RPS3|6188,uc001owh.2 FARSA|2193,uc010dyy.1 DEFB131|644414,uc011bwt.1 COL6A3|1293,uc010znk.1",0.787
2,3,"RPS3|6188,uc001owh.2 FARSA|2193,uc010dyy.1 DEFB131|644414,uc011bwt.1",0.777
1,2,"RPS3|6188,uc001owh.2 FARSA|2193,uc010dyy.1",0.679
0,1,"RPS3|6188,uc001owh.2",0.5
