ID,NumberAtts,Atts,metricOpt
9,10,"RPS3|6188,uc001owh.2 FARSA|2193,uc010dyy.1 DEFB131|644414,uc011bwt.1 ZMYM3|9203,uc004dzk.3 KDR|3791,uc003hat.1 COL6A3|1293,uc010znk.1 CACNA2D3|55799,uc011beu.1 INF2|64423,uc010tyi.1 ASB11|140456,uc004cwp.1 BMP2K|55589,uc010ijl.1",0.904
8,9,"RPS3|6188,uc001owh.2 FARSA|2193,uc010dyy.1 DEFB131|644414,uc011bwt.1 ZMYM3|9203,uc004dzk.3 KDR|3791,uc003hat.1 COL6A3|1293,uc010znk.1 CACNA2D3|55799,uc011beu.1 INF2|64423,uc010tyi.1 ASB11|140456,uc004cwp.1",0.879
7,8,"RPS3|6188,uc001owh.2 FARSA|2193,uc010dyy.1 DEFB131|644414,uc011bwt.1 ZMYM3|9203,uc004dzk.3 KDR|3791,uc003hat.1 COL6A3|1293,uc010znk.1 CACNA2D3|55799,uc011beu.1 INF2|64423,uc010tyi.1",0.864
6,7,"RPS3|6188,uc001owh.2 FARSA|2193,uc010dyy.1 DEFB131|644414,uc011bwt.1 ZMYM3|9203,uc004dzk.3 KDR|3791,uc003hat.1 COL6A3|1293,uc010znk.1 CACNA2D3|55799,uc011beu.1",0.849
5,6,"RPS3|6188,uc001owh.2 FARSA|2193,uc010dyy.1 DEFB131|644414,uc011bwt.1 ZMYM3|9203,uc004dzk.3 KDR|3791,uc003hat.1 COL6A3|1293,uc010znk.1",0.818
4,5,"RPS3|6188,uc001owh.2 FARSA|2193,uc010dyy.1 DEFB131|644414,uc011bwt.1 ZMYM3|9203,uc004dzk.3 KDR|3791,uc003hat.1",0.771
3,4,"RPS3|6188,uc001owh.2 FARSA|2193,uc010dyy.1 DEFB131|644414,uc011bwt.1 ZMYM3|9203,uc004dzk.3",0.757
2,3,"RPS3|6188,uc001owh.2 FARSA|2193,uc010dyy.1 DEFB131|644414,uc011bwt.1",0.749
1,2,"RPS3|6188,uc001owh.2 FARSA|2193,uc010dyy.1",0.636
0,1,"RPS3|6188,uc001owh.2",0.5
