ID,NumberAtts,Atts,metricOpt
11,12,"RPS3|6188,uc001owh.2 FARSA|2193,uc010dyy.1 DEFB131|644414,uc011bwt.1 PLA2G7|7941,uc010jzg.1 CLASP2|23122,uc011axt.1 COL6A3|1293,uc010znk.1 CACNA2D3|55799,uc011beu.1 INF2|64423,uc010tyi.1 ASB11|140456,uc004cwp.1 BMP2K|55589,uc010ijl.1 KRT24|192666,uc002hvd.2 VIT|5212,uc002rpl.2",0.937
10,11,"RPS3|6188,uc001owh.2 FARSA|2193,uc010dyy.1 DEFB131|644414,uc011bwt.1 PLA2G7|7941,uc010jzg.1 CLASP2|23122,uc011axt.1 COL6A3|1293,uc010znk.1 CACNA2D3|55799,uc011beu.1 INF2|64423,uc010tyi.1 ASB11|140456,uc004cwp.1 BMP2K|55589,uc010ijl.1 KRT24|192666,uc002hvd.2",0.936
9,10,"RPS3|6188,uc001owh.2 FARSA|2193,uc010dyy.1 DEFB131|644414,uc011bwt.1 PLA2G7|7941,uc010jzg.1 CLASP2|23122,uc011axt.1 COL6A3|1293,uc010znk.1 CACNA2D3|55799,uc011beu.1 INF2|64423,uc010tyi.1 ASB11|140456,uc004cwp.1 BMP2K|55589,uc010ijl.1",0.935
8,9,"RPS3|6188,uc001owh.2 FARSA|2193,uc010dyy.1 DEFB131|644414,uc011bwt.1 PLA2G7|7941,uc010jzg.1 CLASP2|23122,uc011axt.1 COL6A3|1293,uc010znk.1 CACNA2D3|55799,uc011beu.1 INF2|64423,uc010tyi.1 ASB11|140456,uc004cwp.1",0.92
7,8,"RPS3|6188,uc001owh.2 FARSA|2193,uc010dyy.1 DEFB131|644414,uc011bwt.1 PLA2G7|7941,uc010jzg.1 CLASP2|23122,uc011axt.1 COL6A3|1293,uc010znk.1 CACNA2D3|55799,uc011beu.1 INF2|64423,uc010tyi.1",0.893
6,7,"RPS3|6188,uc001owh.2 FARSA|2193,uc010dyy.1 DEFB131|644414,uc011bwt.1 PLA2G7|7941,uc010jzg.1 CLASP2|23122,uc011axt.1 COL6A3|1293,uc010znk.1 CACNA2D3|55799,uc011beu.1",0.879
5,6,"RPS3|6188,uc001owh.2 FARSA|2193,uc010dyy.1 DEFB131|644414,uc011bwt.1 PLA2G7|7941,uc010jzg.1 CLASP2|23122,uc011axt.1 COL6A3|1293,uc010znk.1",0.857
4,5,"RPS3|6188,uc001owh.2 FARSA|2193,uc010dyy.1 DEFB131|644414,uc011bwt.1 PLA2G7|7941,uc010jzg.1 CLASP2|23122,uc011axt.1",0.81
3,4,"RPS3|6188,uc001owh.2 FARSA|2193,uc010dyy.1 DEFB131|644414,uc011bwt.1 PLA2G7|7941,uc010jzg.1",0.804
2,3,"RPS3|6188,uc001owh.2 FARSA|2193,uc010dyy.1 DEFB131|644414,uc011bwt.1",0.776
1,2,"RPS3|6188,uc001owh.2 FARSA|2193,uc010dyy.1",0.679
0,1,"RPS3|6188,uc001owh.2",0.5
