ID,NumberAtts,Atts,metricOpt
8,9,"CLEC4M|10332,uc010dvt.2 CLEC4M|10332,uc002mic.2 ANGPTL6|83854,uc002mmy.1 PLVAP|83483,uc002ngk.1 GABRD|2563,uc001aip.2 ADAMTS13|11093,uc004ceb.3 ECM1|1893,uc001eus.2 C9orf100|84904,uc003zxm.1 COL15A1|1306,uc004azb.1",0.997
7,8,"CLEC4M|10332,uc010dvt.2 CLEC4M|10332,uc002mic.2 ANGPTL6|83854,uc002mmy.1 PLVAP|83483,uc002ngk.1 GABRD|2563,uc001aip.2 ADAMTS13|11093,uc004ceb.3 ECM1|1893,uc001eus.2 C9orf100|84904,uc003zxm.1",0.993
6,7,"CLEC4M|10332,uc010dvt.2 CLEC4M|10332,uc002mic.2 ANGPTL6|83854,uc002mmy.1 PLVAP|83483,uc002ngk.1 GABRD|2563,uc001aip.2 ADAMTS13|11093,uc004ceb.3 ECM1|1893,uc001eus.2",0.983
5,6,"CLEC4M|10332,uc010dvt.2 CLEC4M|10332,uc002mic.2 ANGPTL6|83854,uc002mmy.1 PLVAP|83483,uc002ngk.1 GABRD|2563,uc001aip.2 ADAMTS13|11093,uc004ceb.3",0.982
4,5,"CLEC4M|10332,uc010dvt.2 CLEC4M|10332,uc002mic.2 ANGPTL6|83854,uc002mmy.1 PLVAP|83483,uc002ngk.1 GABRD|2563,uc001aip.2",0.973
3,4,"CLEC4M|10332,uc010dvt.2 CLEC4M|10332,uc002mic.2 ANGPTL6|83854,uc002mmy.1 PLVAP|83483,uc002ngk.1",0.972
2,3,"CLEC4M|10332,uc010dvt.2 CLEC4M|10332,uc002mic.2 ANGPTL6|83854,uc002mmy.1",0.967
1,2,"CLEC4M|10332,uc010dvt.2 CLEC4M|10332,uc002mic.2",0.965
0,1,"CLEC4M|10332,uc010dvt.2",0.957
