ID,NumberAtts,Atts,metricOpt
5,6,"CLEC4M|10332,uc010dvt.2 PLVAP|83483,uc002ngk.1 ADAMTS13|11093,uc004ceb.3 CXorf36|79742,uc004dgg.2 C9orf100|84904,uc003zxm.1 FCN3|8547,uc001bob.2",0.999
4,5,"CLEC4M|10332,uc010dvt.2 PLVAP|83483,uc002ngk.1 ADAMTS13|11093,uc004ceb.3 CXorf36|79742,uc004dgg.2 C9orf100|84904,uc003zxm.1",0.996
3,4,"CLEC4M|10332,uc010dvt.2 PLVAP|83483,uc002ngk.1 ADAMTS13|11093,uc004ceb.3 CXorf36|79742,uc004dgg.2",0.994
2,3,"CLEC4M|10332,uc010dvt.2 PLVAP|83483,uc002ngk.1 ADAMTS13|11093,uc004ceb.3",0.993
1,2,"CLEC4M|10332,uc010dvt.2 PLVAP|83483,uc002ngk.1",0.983
0,1,"CLEC4M|10332,uc010dvt.2",0.96
