ID,NumberAtts,Atts,metricOpt
6,7,"C13orf36|400120,uc001uvt.3 LSP1|4046,uc001luk.2 ESM1|11082,uc003jpk.2 COL10A1|1300,uc003pwm.2 MAL|4118,uc002stx.1 GABRB3|2562,uc001zaz.2 MTHFD1L|25902,uc003qob.2",0.999
5,6,"C13orf36|400120,uc001uvt.3 LSP1|4046,uc001luk.2 ESM1|11082,uc003jpk.2 COL10A1|1300,uc003pwm.2 MAL|4118,uc002stx.1 GABRB3|2562,uc001zaz.2",0.996
4,5,"C13orf36|400120,uc001uvt.3 LSP1|4046,uc001luk.2 ESM1|11082,uc003jpk.2 COL10A1|1300,uc003pwm.2 MAL|4118,uc002stx.1",0.995
3,4,"C13orf36|400120,uc001uvt.3 LSP1|4046,uc001luk.2 ESM1|11082,uc003jpk.2 COL10A1|1300,uc003pwm.2",0.982
2,3,"C13orf36|400120,uc001uvt.3 LSP1|4046,uc001luk.2 ESM1|11082,uc003jpk.2",0.92
1,2,"C13orf36|400120,uc001uvt.3 LSP1|4046,uc001luk.2",0.833
0,1,"C13orf36|400120,uc001uvt.3",0.498
