ID,NumberAtts,Atts,metricOpt
7,8,"C13orf36|400120,uc001uvt.3 LSP1|4046,uc001luk.2 ESM1|11082,uc003jpk.2 COL10A1|1300,uc003pwm.2 CALD1|800,uc003vsb.2 CTHRC1|115908,uc003ylk.2 HOXC8|3224,uc001ser.2 ATAD5|79915,uc002hfs.1",1.0
6,7,"C13orf36|400120,uc001uvt.3 LSP1|4046,uc001luk.2 ESM1|11082,uc003jpk.2 COL10A1|1300,uc003pwm.2 CALD1|800,uc003vsb.2 CTHRC1|115908,uc003ylk.2 HOXC8|3224,uc001ser.2",0.999
5,6,"C13orf36|400120,uc001uvt.3 LSP1|4046,uc001luk.2 ESM1|11082,uc003jpk.2 COL10A1|1300,uc003pwm.2 CALD1|800,uc003vsb.2 CTHRC1|115908,uc003ylk.2",0.996
4,5,"C13orf36|400120,uc001uvt.3 LSP1|4046,uc001luk.2 ESM1|11082,uc003jpk.2 COL10A1|1300,uc003pwm.2 CALD1|800,uc003vsb.2",0.983
3,4,"C13orf36|400120,uc001uvt.3 LSP1|4046,uc001luk.2 ESM1|11082,uc003jpk.2 COL10A1|1300,uc003pwm.2",0.969
2,3,"C13orf36|400120,uc001uvt.3 LSP1|4046,uc001luk.2 ESM1|11082,uc003jpk.2",0.865
1,2,"C13orf36|400120,uc001uvt.3 LSP1|4046,uc001luk.2",0.819
0,1,"C13orf36|400120,uc001uvt.3",0.693
