ID,NumberAtts,Atts,metricOpt
6,7,"C13orf36|400120,uc001uvt.3 LSP1|4046,uc001luk.2 ESM1|11082,uc003jpk.2 COL10A1|1300,uc003pwm.2 LRRC32|2615,uc001oxq.3 MTHFD1L|25902,uc003qob.2 DKC1|1736,uc004fmm.2",0.999
5,6,"C13orf36|400120,uc001uvt.3 LSP1|4046,uc001luk.2 ESM1|11082,uc003jpk.2 COL10A1|1300,uc003pwm.2 LRRC32|2615,uc001oxq.3 MTHFD1L|25902,uc003qob.2",0.998
4,5,"C13orf36|400120,uc001uvt.3 LSP1|4046,uc001luk.2 ESM1|11082,uc003jpk.2 COL10A1|1300,uc003pwm.2 LRRC32|2615,uc001oxq.3",0.996
3,4,"C13orf36|400120,uc001uvt.3 LSP1|4046,uc001luk.2 ESM1|11082,uc003jpk.2 COL10A1|1300,uc003pwm.2",0.982
2,3,"C13orf36|400120,uc001uvt.3 LSP1|4046,uc001luk.2 ESM1|11082,uc003jpk.2",0.907
1,2,"C13orf36|400120,uc001uvt.3 LSP1|4046,uc001luk.2",0.849
0,1,"C13orf36|400120,uc001uvt.3",0.782
