ID,NumberAtts,Atts,metricOpt
5,6,"SLC24A2|25769,uc003zob.1 PPAPDC1A|196051,uc001lev.1 MMP11|4320,uc002zxx.2 WISP1|8840,uc003yud.2 CAPN11|11131,uc003owt.1 CD300LG|146894,uc002iek.1",1.0
4,5,"SLC24A2|25769,uc003zob.1 PPAPDC1A|196051,uc001lev.1 MMP11|4320,uc002zxx.2 WISP1|8840,uc003yud.2 CAPN11|11131,uc003owt.1",0.991
3,4,"SLC24A2|25769,uc003zob.1 PPAPDC1A|196051,uc001lev.1 MMP11|4320,uc002zxx.2 WISP1|8840,uc003yud.2",0.981
2,3,"SLC24A2|25769,uc003zob.1 PPAPDC1A|196051,uc001lev.1 MMP11|4320,uc002zxx.2",0.977
1,2,"SLC24A2|25769,uc003zob.1 PPAPDC1A|196051,uc001lev.1",0.921
0,1,"SLC24A2|25769,uc003zob.1",0.888
