ID,NumberAtts,Atts,metricOpt
7,8,"SLC24A2|25769,uc003zob.1 MMP11|4320,uc002zxx.2 WISP1|8840,uc003yub.2 CTHRC1|115908,uc003ylk.2 CAPN11|11131,uc003owt.1 CD300LG|146894,uc002iek.1 WISP1|8840,uc003yuc.2 MMP11|4320,uc002zxz.2",1.0
6,7,"SLC24A2|25769,uc003zob.1 MMP11|4320,uc002zxx.2 WISP1|8840,uc003yub.2 CTHRC1|115908,uc003ylk.2 CAPN11|11131,uc003owt.1 CD300LG|146894,uc002iek.1 WISP1|8840,uc003yuc.2",0.995
5,6,"SLC24A2|25769,uc003zob.1 MMP11|4320,uc002zxx.2 WISP1|8840,uc003yub.2 CTHRC1|115908,uc003ylk.2 CAPN11|11131,uc003owt.1 CD300LG|146894,uc002iek.1",0.991
4,5,"SLC24A2|25769,uc003zob.1 MMP11|4320,uc002zxx.2 WISP1|8840,uc003yub.2 CTHRC1|115908,uc003ylk.2 CAPN11|11131,uc003owt.1",0.986
3,4,"SLC24A2|25769,uc003zob.1 MMP11|4320,uc002zxx.2 WISP1|8840,uc003yub.2 CTHRC1|115908,uc003ylk.2",0.977
2,3,"SLC24A2|25769,uc003zob.1 MMP11|4320,uc002zxx.2 WISP1|8840,uc003yub.2",0.967
1,2,"SLC24A2|25769,uc003zob.1 MMP11|4320,uc002zxx.2",0.963
0,1,"SLC24A2|25769,uc003zob.1",0.893
