ID,NumberAtts,Atts,metricOpt
10,11,"RPS8|6202,uc001cmi.2 KLK5|25818,uc002pug.2 uc010vya.1 CLEC2A|387836,uc009zhb.2 LCE2C|353140,uc001fah.2 AKR1B15|441282,uc003vrt.2 PLA2G4E|123745,uc001zow.1 PGLYRP4|57115,uc001fbo.2 S100A7A|338324,uc001fbt.1 AADACL2|344752,uc003ezc.2 AKR1B15|441282,uc011kpr.1",0.816
9,10,"RPS8|6202,uc001cmi.2 KLK5|25818,uc002pug.2 uc010vya.1 CLEC2A|387836,uc009zhb.2 LCE2C|353140,uc001fah.2 AKR1B15|441282,uc003vrt.2 PLA2G4E|123745,uc001zow.1 PGLYRP4|57115,uc001fbo.2 S100A7A|338324,uc001fbt.1 AADACL2|344752,uc003ezc.2",0.809
8,9,"RPS8|6202,uc001cmi.2 KLK5|25818,uc002pug.2 uc010vya.1 CLEC2A|387836,uc009zhb.2 LCE2C|353140,uc001fah.2 AKR1B15|441282,uc003vrt.2 PLA2G4E|123745,uc001zow.1 PGLYRP4|57115,uc001fbo.2 S100A7A|338324,uc001fbt.1",0.805
7,8,"RPS8|6202,uc001cmi.2 KLK5|25818,uc002pug.2 uc010vya.1 CLEC2A|387836,uc009zhb.2 LCE2C|353140,uc001fah.2 AKR1B15|441282,uc003vrt.2 PLA2G4E|123745,uc001zow.1 PGLYRP4|57115,uc001fbo.2",0.797
6,7,"RPS8|6202,uc001cmi.2 KLK5|25818,uc002pug.2 uc010vya.1 CLEC2A|387836,uc009zhb.2 LCE2C|353140,uc001fah.2 AKR1B15|441282,uc003vrt.2 PLA2G4E|123745,uc001zow.1",0.79
5,6,"RPS8|6202,uc001cmi.2 KLK5|25818,uc002pug.2 uc010vya.1 CLEC2A|387836,uc009zhb.2 LCE2C|353140,uc001fah.2 AKR1B15|441282,uc003vrt.2",0.782
4,5,"RPS8|6202,uc001cmi.2 KLK5|25818,uc002pug.2 uc010vya.1 CLEC2A|387836,uc009zhb.2 LCE2C|353140,uc001fah.2",0.778
3,4,"RPS8|6202,uc001cmi.2 KLK5|25818,uc002pug.2 uc010vya.1 CLEC2A|387836,uc009zhb.2",0.769
2,3,"RPS8|6202,uc001cmi.2 KLK5|25818,uc002pug.2 uc010vya.1",0.765
1,2,"RPS8|6202,uc001cmi.2 KLK5|25818,uc002pug.2",0.763
0,1,"RPS8|6202,uc001cmi.2",0.5
