ID,NumberAtts,Atts,metricOpt
12,13,"RPS8|6202,uc001cmi.2 KLK5|25818,uc002pug.2 CASP14|23581,uc010dzv.1 LCE2B|26239,uc001fai.2 KLK9|284366,uc002pux.1 uc010vya.1 CLEC2A|387836,uc009zhb.2 FOXN1|8456,uc010crm.2 LCE2C|353140,uc001fah.2 PLA2G2F|64600,uc009vpp.1 KRT17|3872,uc010wft.1 KRT1|3848,uc001sau.1 S100A7A|338324,uc001fbt.1",0.816
11,12,"RPS8|6202,uc001cmi.2 KLK5|25818,uc002pug.2 CASP14|23581,uc010dzv.1 LCE2B|26239,uc001fai.2 KLK9|284366,uc002pux.1 uc010vya.1 CLEC2A|387836,uc009zhb.2 FOXN1|8456,uc010crm.2 LCE2C|353140,uc001fah.2 PLA2G2F|64600,uc009vpp.1 KRT17|3872,uc010wft.1 KRT1|3848,uc001sau.1",0.807
10,11,"RPS8|6202,uc001cmi.2 KLK5|25818,uc002pug.2 CASP14|23581,uc010dzv.1 LCE2B|26239,uc001fai.2 KLK9|284366,uc002pux.1 uc010vya.1 CLEC2A|387836,uc009zhb.2 FOXN1|8456,uc010crm.2 LCE2C|353140,uc001fah.2 PLA2G2F|64600,uc009vpp.1 KRT17|3872,uc010wft.1",0.804
9,10,"RPS8|6202,uc001cmi.2 KLK5|25818,uc002pug.2 CASP14|23581,uc010dzv.1 LCE2B|26239,uc001fai.2 KLK9|284366,uc002pux.1 uc010vya.1 CLEC2A|387836,uc009zhb.2 FOXN1|8456,uc010crm.2 LCE2C|353140,uc001fah.2 PLA2G2F|64600,uc009vpp.1",0.802
8,9,"RPS8|6202,uc001cmi.2 KLK5|25818,uc002pug.2 CASP14|23581,uc010dzv.1 LCE2B|26239,uc001fai.2 KLK9|284366,uc002pux.1 uc010vya.1 CLEC2A|387836,uc009zhb.2 FOXN1|8456,uc010crm.2 LCE2C|353140,uc001fah.2",0.8
7,8,"RPS8|6202,uc001cmi.2 KLK5|25818,uc002pug.2 CASP14|23581,uc010dzv.1 LCE2B|26239,uc001fai.2 KLK9|284366,uc002pux.1 uc010vya.1 CLEC2A|387836,uc009zhb.2 FOXN1|8456,uc010crm.2",0.79
6,7,"RPS8|6202,uc001cmi.2 KLK5|25818,uc002pug.2 CASP14|23581,uc010dzv.1 LCE2B|26239,uc001fai.2 KLK9|284366,uc002pux.1 uc010vya.1 CLEC2A|387836,uc009zhb.2",0.786
5,6,"RPS8|6202,uc001cmi.2 KLK5|25818,uc002pug.2 CASP14|23581,uc010dzv.1 LCE2B|26239,uc001fai.2 KLK9|284366,uc002pux.1 uc010vya.1",0.781
4,5,"RPS8|6202,uc001cmi.2 KLK5|25818,uc002pug.2 CASP14|23581,uc010dzv.1 LCE2B|26239,uc001fai.2 KLK9|284366,uc002pux.1",0.768
3,4,"RPS8|6202,uc001cmi.2 KLK5|25818,uc002pug.2 CASP14|23581,uc010dzv.1 LCE2B|26239,uc001fai.2",0.744
2,3,"RPS8|6202,uc001cmi.2 KLK5|25818,uc002pug.2 CASP14|23581,uc010dzv.1",0.729
1,2,"RPS8|6202,uc001cmi.2 KLK5|25818,uc002pug.2",0.72
0,1,"RPS8|6202,uc001cmi.2",0.5
