ID,NumberAtts,Atts,metricOpt
9,10,"KLK5|25818,uc002pug.2 COL17A1|1308,uc001kxq.2 CASP14|23581,uc002naf.2 C7|730,uc003jmh.2 MMP27|64066,uc001phd.1 EPGN|255324,uc003hic.1 CNFN|84518,uc002otq.3 TP53AIP1|63970,uc001qey.2 KRT17|3872,uc002hxh.2 LOR|4014,uc001fbm.2",0.852
8,9,"KLK5|25818,uc002pug.2 COL17A1|1308,uc001kxq.2 CASP14|23581,uc002naf.2 C7|730,uc003jmh.2 MMP27|64066,uc001phd.1 EPGN|255324,uc003hic.1 CNFN|84518,uc002otq.3 TP53AIP1|63970,uc001qey.2 KRT17|3872,uc002hxh.2",0.844
7,8,"KLK5|25818,uc002pug.2 COL17A1|1308,uc001kxq.2 CASP14|23581,uc002naf.2 C7|730,uc003jmh.2 MMP27|64066,uc001phd.1 EPGN|255324,uc003hic.1 CNFN|84518,uc002otq.3 TP53AIP1|63970,uc001qey.2",0.833
6,7,"KLK5|25818,uc002pug.2 COL17A1|1308,uc001kxq.2 CASP14|23581,uc002naf.2 C7|730,uc003jmh.2 MMP27|64066,uc001phd.1 EPGN|255324,uc003hic.1 CNFN|84518,uc002otq.3",0.832
5,6,"KLK5|25818,uc002pug.2 COL17A1|1308,uc001kxq.2 CASP14|23581,uc002naf.2 C7|730,uc003jmh.2 MMP27|64066,uc001phd.1 EPGN|255324,uc003hic.1",0.827
4,5,"KLK5|25818,uc002pug.2 COL17A1|1308,uc001kxq.2 CASP14|23581,uc002naf.2 C7|730,uc003jmh.2 MMP27|64066,uc001phd.1",0.824
3,4,"KLK5|25818,uc002pug.2 COL17A1|1308,uc001kxq.2 CASP14|23581,uc002naf.2 C7|730,uc003jmh.2",0.805
2,3,"KLK5|25818,uc002pug.2 COL17A1|1308,uc001kxq.2 CASP14|23581,uc002naf.2",0.778
1,2,"KLK5|25818,uc002pug.2 COL17A1|1308,uc001kxq.2",0.776
0,1,"KLK5|25818,uc002pug.2",0.763
