ID,NumberAtts,Atts,metricOpt
13,14,"KLK5|25818,uc002pug.2 uc010vya.1 WFDC5|149708,uc002xne.1 S100A7A|338324,uc001fbt.1 LOC642587|642587,uc009xcn.2 LCE2D|353141,uc001fag.2 S100A7|6278,uc001fbv.1 FAM25A|643161,uc010qmo.1 LCE2C|353140,uc001fah.2 CLEC2A|387836,uc009zhb.2 C7|730,uc003jmh.2 MMP27|64066,uc001phd.1 EPGN|255324,uc003hic.1 KRT5|3852,uc009zmh.2",0.858
12,13,"KLK5|25818,uc002pug.2 uc010vya.1 WFDC5|149708,uc002xne.1 S100A7A|338324,uc001fbt.1 LOC642587|642587,uc009xcn.2 LCE2D|353141,uc001fag.2 S100A7|6278,uc001fbv.1 FAM25A|643161,uc010qmo.1 LCE2C|353140,uc001fah.2 CLEC2A|387836,uc009zhb.2 C7|730,uc003jmh.2 MMP27|64066,uc001phd.1 EPGN|255324,uc003hic.1",0.854
11,12,"KLK5|25818,uc002pug.2 uc010vya.1 WFDC5|149708,uc002xne.1 S100A7A|338324,uc001fbt.1 LOC642587|642587,uc009xcn.2 LCE2D|353141,uc001fag.2 S100A7|6278,uc001fbv.1 FAM25A|643161,uc010qmo.1 LCE2C|353140,uc001fah.2 CLEC2A|387836,uc009zhb.2 C7|730,uc003jmh.2 MMP27|64066,uc001phd.1",0.826
10,11,"KLK5|25818,uc002pug.2 uc010vya.1 WFDC5|149708,uc002xne.1 S100A7A|338324,uc001fbt.1 LOC642587|642587,uc009xcn.2 LCE2D|353141,uc001fag.2 S100A7|6278,uc001fbv.1 FAM25A|643161,uc010qmo.1 LCE2C|353140,uc001fah.2 CLEC2A|387836,uc009zhb.2 C7|730,uc003jmh.2",0.816
9,10,"KLK5|25818,uc002pug.2 uc010vya.1 WFDC5|149708,uc002xne.1 S100A7A|338324,uc001fbt.1 LOC642587|642587,uc009xcn.2 LCE2D|353141,uc001fag.2 S100A7|6278,uc001fbv.1 FAM25A|643161,uc010qmo.1 LCE2C|353140,uc001fah.2 CLEC2A|387836,uc009zhb.2",0.812
8,9,"KLK5|25818,uc002pug.2 uc010vya.1 WFDC5|149708,uc002xne.1 S100A7A|338324,uc001fbt.1 LOC642587|642587,uc009xcn.2 LCE2D|353141,uc001fag.2 S100A7|6278,uc001fbv.1 FAM25A|643161,uc010qmo.1 LCE2C|353140,uc001fah.2",0.785
7,8,"KLK5|25818,uc002pug.2 uc010vya.1 WFDC5|149708,uc002xne.1 S100A7A|338324,uc001fbt.1 LOC642587|642587,uc009xcn.2 LCE2D|353141,uc001fag.2 S100A7|6278,uc001fbv.1 FAM25A|643161,uc010qmo.1",0.775
6,7,"KLK5|25818,uc002pug.2 uc010vya.1 WFDC5|149708,uc002xne.1 S100A7A|338324,uc001fbt.1 LOC642587|642587,uc009xcn.2 LCE2D|353141,uc001fag.2 S100A7|6278,uc001fbv.1",0.771
5,6,"KLK5|25818,uc002pug.2 uc010vya.1 WFDC5|149708,uc002xne.1 S100A7A|338324,uc001fbt.1 LOC642587|642587,uc009xcn.2 LCE2D|353141,uc001fag.2",0.768
4,5,"KLK5|25818,uc002pug.2 uc010vya.1 WFDC5|149708,uc002xne.1 S100A7A|338324,uc001fbt.1 LOC642587|642587,uc009xcn.2",0.767
3,4,"KLK5|25818,uc002pug.2 uc010vya.1 WFDC5|149708,uc002xne.1 S100A7A|338324,uc001fbt.1",0.766
2,3,"KLK5|25818,uc002pug.2 uc010vya.1 WFDC5|149708,uc002xne.1",0.756
1,2,"KLK5|25818,uc002pug.2 uc010vya.1",0.749
0,1,"KLK5|25818,uc002pug.2",0.72
