ID,NumberAtts,Atts,metricOpt
9,10,"uc004cou.3 PPP1R12B|4660,uc001gya.1 MYL9|10398,uc002xfl.1 ROBLD3|28956,uc001fnb.3 KANK2|25959,uc002mqm.2 ZBTB4|57659,uc002ghc.3 HSP90AA1|3320,uc001yku.3 RERGL|79785,uc001rdq.2 ABI1|10006,uc001isy.2 HLF|3131,uc002iuh.2",0.979
8,9,"uc004cou.3 PPP1R12B|4660,uc001gya.1 MYL9|10398,uc002xfl.1 ROBLD3|28956,uc001fnb.3 KANK2|25959,uc002mqm.2 ZBTB4|57659,uc002ghc.3 HSP90AA1|3320,uc001yku.3 RERGL|79785,uc001rdq.2 ABI1|10006,uc001isy.2",0.958
7,8,"uc004cou.3 PPP1R12B|4660,uc001gya.1 MYL9|10398,uc002xfl.1 ROBLD3|28956,uc001fnb.3 KANK2|25959,uc002mqm.2 ZBTB4|57659,uc002ghc.3 HSP90AA1|3320,uc001yku.3 RERGL|79785,uc001rdq.2",0.953
6,7,"uc004cou.3 PPP1R12B|4660,uc001gya.1 MYL9|10398,uc002xfl.1 ROBLD3|28956,uc001fnb.3 KANK2|25959,uc002mqm.2 ZBTB4|57659,uc002ghc.3 HSP90AA1|3320,uc001yku.3",0.708
5,6,"uc004cou.3 PPP1R12B|4660,uc001gya.1 MYL9|10398,uc002xfl.1 ROBLD3|28956,uc001fnb.3 KANK2|25959,uc002mqm.2 ZBTB4|57659,uc002ghc.3",0.688
4,5,"uc004cou.3 PPP1R12B|4660,uc001gya.1 MYL9|10398,uc002xfl.1 ROBLD3|28956,uc001fnb.3 KANK2|25959,uc002mqm.2",0.685
3,4,"uc004cou.3 PPP1R12B|4660,uc001gya.1 MYL9|10398,uc002xfl.1 ROBLD3|28956,uc001fnb.3",0.682
2,3,"uc004cou.3 PPP1R12B|4660,uc001gya.1 MYL9|10398,uc002xfl.1",0.659
1,2,"uc004cou.3 PPP1R12B|4660,uc001gya.1",0.654
0,1,uc004cou.3,0.5
