ID,NumberAtts,Atts,metricOpt
10,11,"uc004cou.3 PPP1R12B|4660,uc001gya.1 MYL9|10398,uc002xfl.1 ROBLD3|28956,uc001fnb.3 TIMP3|7078,uc003anb.2 RERGL|79785,uc001rdq.2 KIF13A|63971,uc003nch.3 CLSTN1|22883,uc001aqh.2 SYNE1|23345,uc003qop.3 TENC1|23371,uc009zmr.2 FLNB|2317,uc010hng.1",0.995
9,10,"uc004cou.3 PPP1R12B|4660,uc001gya.1 MYL9|10398,uc002xfl.1 ROBLD3|28956,uc001fnb.3 TIMP3|7078,uc003anb.2 RERGL|79785,uc001rdq.2 KIF13A|63971,uc003nch.3 CLSTN1|22883,uc001aqh.2 SYNE1|23345,uc003qop.3 TENC1|23371,uc009zmr.2",0.974
8,9,"uc004cou.3 PPP1R12B|4660,uc001gya.1 MYL9|10398,uc002xfl.1 ROBLD3|28956,uc001fnb.3 TIMP3|7078,uc003anb.2 RERGL|79785,uc001rdq.2 KIF13A|63971,uc003nch.3 CLSTN1|22883,uc001aqh.2 SYNE1|23345,uc003qop.3",0.956
7,8,"uc004cou.3 PPP1R12B|4660,uc001gya.1 MYL9|10398,uc002xfl.1 ROBLD3|28956,uc001fnb.3 TIMP3|7078,uc003anb.2 RERGL|79785,uc001rdq.2 KIF13A|63971,uc003nch.3 CLSTN1|22883,uc001aqh.2",0.951
6,7,"uc004cou.3 PPP1R12B|4660,uc001gya.1 MYL9|10398,uc002xfl.1 ROBLD3|28956,uc001fnb.3 TIMP3|7078,uc003anb.2 RERGL|79785,uc001rdq.2 KIF13A|63971,uc003nch.3",0.932
5,6,"uc004cou.3 PPP1R12B|4660,uc001gya.1 MYL9|10398,uc002xfl.1 ROBLD3|28956,uc001fnb.3 TIMP3|7078,uc003anb.2 RERGL|79785,uc001rdq.2",0.891
4,5,"uc004cou.3 PPP1R12B|4660,uc001gya.1 MYL9|10398,uc002xfl.1 ROBLD3|28956,uc001fnb.3 TIMP3|7078,uc003anb.2",0.688
3,4,"uc004cou.3 PPP1R12B|4660,uc001gya.1 MYL9|10398,uc002xfl.1 ROBLD3|28956,uc001fnb.3",0.685
2,3,"uc004cou.3 PPP1R12B|4660,uc001gya.1 MYL9|10398,uc002xfl.1",0.659
1,2,"uc004cou.3 PPP1R12B|4660,uc001gya.1",0.656
0,1,uc004cou.3,0.5
