ID,NumberAtts,Atts,metricOpt
11,12,"uc004cou.3 PPP1R12B|4660,uc001gya.1 ROBLD3|28956,uc001fnb.3 ZBTB4|57659,uc002ghc.3 HSP90AA1|3320,uc001yku.3 GNG11|2791,uc003und.2 RERGL|79785,uc001rdq.2 MICAL3|57553,uc010grf.2 ABI1|10006,uc001isy.2 SYNE1|23345,uc003qop.3 OGN|4969,uc004asb.2 AP2S1|1175,uc002pft.1",0.997
10,11,"uc004cou.3 PPP1R12B|4660,uc001gya.1 ROBLD3|28956,uc001fnb.3 ZBTB4|57659,uc002ghc.3 HSP90AA1|3320,uc001yku.3 GNG11|2791,uc003und.2 RERGL|79785,uc001rdq.2 MICAL3|57553,uc010grf.2 ABI1|10006,uc001isy.2 SYNE1|23345,uc003qop.3 OGN|4969,uc004asb.2",0.994
9,10,"uc004cou.3 PPP1R12B|4660,uc001gya.1 ROBLD3|28956,uc001fnb.3 ZBTB4|57659,uc002ghc.3 HSP90AA1|3320,uc001yku.3 GNG11|2791,uc003und.2 RERGL|79785,uc001rdq.2 MICAL3|57553,uc010grf.2 ABI1|10006,uc001isy.2 SYNE1|23345,uc003qop.3",0.976
8,9,"uc004cou.3 PPP1R12B|4660,uc001gya.1 ROBLD3|28956,uc001fnb.3 ZBTB4|57659,uc002ghc.3 HSP90AA1|3320,uc001yku.3 GNG11|2791,uc003und.2 RERGL|79785,uc001rdq.2 MICAL3|57553,uc010grf.2 ABI1|10006,uc001isy.2",0.974
7,8,"uc004cou.3 PPP1R12B|4660,uc001gya.1 ROBLD3|28956,uc001fnb.3 ZBTB4|57659,uc002ghc.3 HSP90AA1|3320,uc001yku.3 GNG11|2791,uc003und.2 RERGL|79785,uc001rdq.2 MICAL3|57553,uc010grf.2",0.973
6,7,"uc004cou.3 PPP1R12B|4660,uc001gya.1 ROBLD3|28956,uc001fnb.3 ZBTB4|57659,uc002ghc.3 HSP90AA1|3320,uc001yku.3 GNG11|2791,uc003und.2 RERGL|79785,uc001rdq.2",0.94
5,6,"uc004cou.3 PPP1R12B|4660,uc001gya.1 ROBLD3|28956,uc001fnb.3 ZBTB4|57659,uc002ghc.3 HSP90AA1|3320,uc001yku.3 GNG11|2791,uc003und.2",0.705
4,5,"uc004cou.3 PPP1R12B|4660,uc001gya.1 ROBLD3|28956,uc001fnb.3 ZBTB4|57659,uc002ghc.3 HSP90AA1|3320,uc001yku.3",0.702
3,4,"uc004cou.3 PPP1R12B|4660,uc001gya.1 ROBLD3|28956,uc001fnb.3 ZBTB4|57659,uc002ghc.3",0.688
2,3,"uc004cou.3 PPP1R12B|4660,uc001gya.1 ROBLD3|28956,uc001fnb.3",0.685
1,2,"uc004cou.3 PPP1R12B|4660,uc001gya.1",0.654
0,1,uc004cou.3,0.5
