ID,NumberAtts,Atts,metricOpt
9,10,"RPS10|6204,uc003ojn.2 SNRPD3|6634,uc003aam.1 EEF1G|1937,uc001ntm.1 IGFBP4|3487,uc002hus.2 ZBTB4|57659,uc002ghc.3 ROBLD3|28956,uc001fnb.3 OGN|4969,uc004asb.2 LSP1|4046,uc001luk.2 SOX15|6665,uc002ghy.1 uc003dmi.1",0.997
8,9,"RPS10|6204,uc003ojn.2 SNRPD3|6634,uc003aam.1 EEF1G|1937,uc001ntm.1 IGFBP4|3487,uc002hus.2 ZBTB4|57659,uc002ghc.3 ROBLD3|28956,uc001fnb.3 OGN|4969,uc004asb.2 LSP1|4046,uc001luk.2 SOX15|6665,uc002ghy.1",0.994
7,8,"RPS10|6204,uc003ojn.2 SNRPD3|6634,uc003aam.1 EEF1G|1937,uc001ntm.1 IGFBP4|3487,uc002hus.2 ZBTB4|57659,uc002ghc.3 ROBLD3|28956,uc001fnb.3 OGN|4969,uc004asb.2 LSP1|4046,uc001luk.2",0.973
6,7,"RPS10|6204,uc003ojn.2 SNRPD3|6634,uc003aam.1 EEF1G|1937,uc001ntm.1 IGFBP4|3487,uc002hus.2 ZBTB4|57659,uc002ghc.3 ROBLD3|28956,uc001fnb.3 OGN|4969,uc004asb.2",0.97
5,6,"RPS10|6204,uc003ojn.2 SNRPD3|6634,uc003aam.1 EEF1G|1937,uc001ntm.1 IGFBP4|3487,uc002hus.2 ZBTB4|57659,uc002ghc.3 ROBLD3|28956,uc001fnb.3",0.688
4,5,"RPS10|6204,uc003ojn.2 SNRPD3|6634,uc003aam.1 EEF1G|1937,uc001ntm.1 IGFBP4|3487,uc002hus.2 ZBTB4|57659,uc002ghc.3",0.68
3,4,"RPS10|6204,uc003ojn.2 SNRPD3|6634,uc003aam.1 EEF1G|1937,uc001ntm.1 IGFBP4|3487,uc002hus.2",0.664
2,3,"RPS10|6204,uc003ojn.2 SNRPD3|6634,uc003aam.1 EEF1G|1937,uc001ntm.1",0.625
1,2,"RPS10|6204,uc003ojn.2 SNRPD3|6634,uc003aam.1",0.622
0,1,"RPS10|6204,uc003ojn.2",0.5
