ID,NumberAtts,Atts,metricOpt
8,9,"RPS10|6204,uc003ojn.2 SNRPD3|6634,uc003aam.1 PPP1R12B|4660,uc001gya.1 ROBLD3|28956,uc001fnb.3 OGN|4969,uc004asb.2 LSP1|4046,uc001luk.2 SOX15|6665,uc002ghy.1 NDN|4692,uc001ywk.2 OGN|4969,uc004asa.2",0.977
7,8,"RPS10|6204,uc003ojn.2 SNRPD3|6634,uc003aam.1 PPP1R12B|4660,uc001gya.1 ROBLD3|28956,uc001fnb.3 OGN|4969,uc004asb.2 LSP1|4046,uc001luk.2 SOX15|6665,uc002ghy.1 NDN|4692,uc001ywk.2",0.974
6,7,"RPS10|6204,uc003ojn.2 SNRPD3|6634,uc003aam.1 PPP1R12B|4660,uc001gya.1 ROBLD3|28956,uc001fnb.3 OGN|4969,uc004asb.2 LSP1|4046,uc001luk.2 SOX15|6665,uc002ghy.1",0.938
5,6,"RPS10|6204,uc003ojn.2 SNRPD3|6634,uc003aam.1 PPP1R12B|4660,uc001gya.1 ROBLD3|28956,uc001fnb.3 OGN|4969,uc004asb.2 LSP1|4046,uc001luk.2",0.911
4,5,"RPS10|6204,uc003ojn.2 SNRPD3|6634,uc003aam.1 PPP1R12B|4660,uc001gya.1 ROBLD3|28956,uc001fnb.3 OGN|4969,uc004asb.2",0.908
3,4,"RPS10|6204,uc003ojn.2 SNRPD3|6634,uc003aam.1 PPP1R12B|4660,uc001gya.1 ROBLD3|28956,uc001fnb.3",0.688
2,3,"RPS10|6204,uc003ojn.2 SNRPD3|6634,uc003aam.1 PPP1R12B|4660,uc001gya.1",0.682
1,2,"RPS10|6204,uc003ojn.2 SNRPD3|6634,uc003aam.1",0.643
0,1,"RPS10|6204,uc003ojn.2",0.5
