ID,NumberAtts,Atts,metricOpt
7,8,"RPS10|6204,uc003ojn.2 SNRPD3|6634,uc003aam.1 IGFBP4|3487,uc002hus.2 DBI|1622,uc002tlv.2 ZBTB47|92999,uc003clu.1 OGN|4969,uc004asb.2 SOX15|6665,uc002ghy.1 COX7A2|1347,uc003phv.1",0.997
6,7,"RPS10|6204,uc003ojn.2 SNRPD3|6634,uc003aam.1 IGFBP4|3487,uc002hus.2 DBI|1622,uc002tlv.2 ZBTB47|92999,uc003clu.1 OGN|4969,uc004asb.2 SOX15|6665,uc002ghy.1",0.994
5,6,"RPS10|6204,uc003ojn.2 SNRPD3|6634,uc003aam.1 IGFBP4|3487,uc002hus.2 DBI|1622,uc002tlv.2 ZBTB47|92999,uc003clu.1 OGN|4969,uc004asb.2",0.964
4,5,"RPS10|6204,uc003ojn.2 SNRPD3|6634,uc003aam.1 IGFBP4|3487,uc002hus.2 DBI|1622,uc002tlv.2 ZBTB47|92999,uc003clu.1",0.708
3,4,"RPS10|6204,uc003ojn.2 SNRPD3|6634,uc003aam.1 IGFBP4|3487,uc002hus.2 DBI|1622,uc002tlv.2",0.682
2,3,"RPS10|6204,uc003ojn.2 SNRPD3|6634,uc003aam.1 IGFBP4|3487,uc002hus.2",0.664
1,2,"RPS10|6204,uc003ojn.2 SNRPD3|6634,uc003aam.1",0.643
0,1,"RPS10|6204,uc003ojn.2",0.5
