CA150_4h,CUGBP_4h,ESRP1_4h,FBP11_4h,MAGOH_4h,NOVA1_4h,PRP8_4h,PSF_4h,PTB_4h,RAVER1_4h,RBM17_4h,RBM22_4h,RBM3_4h,RBM45_4h,SAM68TV1_4h,SC35_4h,sf3btv1_4h,SF3BTV2_4h,SKIP_4h,SND1_4h,SRM160_4h,SRSF1_4h,SRSF10_4h,SRSF3_4h,SRSF4_4h,SRSF5_4h,SRSF6_4h,SRSF9_4h,TIA1_4h,TRA2A_4h,TRA2B_4h,U11_4h,U12_4h,U2_4h,U2AF1_4h,U2AF2_4h,U4_4h,U4ATAC_4h,U5_4h,U6_4h,U6ATAC_4h,Class,
16,-1.19070317408011,-0.623145632480237,0.105147633284454,-0.561547643847722,1.16663986787312,0.454817654874074,-0.435125807515858,-0.104026770382329,-0.739281514639864,-0.426621772638593,-0.881803382071855,-0.449462656097705,-0.287497285074002,-0.196101934385673,0.015551582292427,0.473388604160995,0.0015346267959,-0.51506870808513,0.495158932472932,-0.381102136200943,-0.155805526325098,-0.851063671456837,-0.67754988796061,-0.681969912812398,-0.316766935261514,-0.66540751231191,-0.089279400111124,-0.661507572794534,-0.342375336667945,-0.814677201317441,-0.911867214355714,-0.228286285142919,0.766706316543476,0.245518100145167,0.27260240096351,0.336072201755898,-0.19697884740982,1.08826599602957,-1.57227628396311,-2.64089025958974,0.897193847388922,N
18,-0.360434486357757,0.207274935827688,-0.174987820662399,-0.354417208657751,0.291668609301151,-0.221560906938516,-0.723045396205307,-0.420936432658583,-0.165113661257771,0.013939342486032,-0.373985279359785,-0.097798577481571,-0.000628616062891,-0.038764606552427,-0.222464830402188,-0.730645329686333,-0.415160016062548,-0.759730088512944,-0.378492011718345,0.542233933017734,-0.169890720228312,0.376790863162737,-0.618867655330751,-0.278860295733898,0.051181196027339,0.282031752713601,0.497346892361598,0.461977568314091,-0.077677365369194,0.461289208821801,-0.217419293791588,0.442875552344448,0.898354157491703,-0.423181661186979,0.782876561690457,0.700980776146899,0.106866237727466,1.18195556040131,0.634055624190421,-0.296394862814332,0.128773975399,N
29,0.278180459661418,0.163102137289258,-0.494845652820897,0.531419075904062,1.22494881174001,-0.044159753644403,-0.385376950070725,-0.288661934797226,0.092951593368993,0.162443080501362,0.116224208375985,0.925259789296384,0.374465658529561,1.18746342178136,0.66177310113739,-0.152930809709252,0.386066882992566,0.637868796624258,0.724127394983474,0.320288914563344,0.813052128859316,0.128562649290277,0.201171055996334,1.07055414078186,0.131940642371827,0.43396604844144,0.487512172475879,0.557136910097857,1.96239201381418,0.906451186807562,1.44127307099814,0.125352909676067,-1.22751435417389,-0.403443169554635,0.27845205599986,0.19625297918551,0.090266785050847,0.401388465976693,0.7089254673832,-0.275525556758674,-1.01053221936746,N
74,-0.838291574383982,-1.50753122036218,1.06799844302196,-1.0733453082807,-0.489165874739251,0.732899729185317,-1.45355249155328,-0.31209291039989,-0.368420185887702,-0.446934091943775,1.00178449847986,-1.15095679752067,-0.525765251166032,-0.416254899223775,-0.581023177772386,-0.735012788205952,-1.25546468188008,-1.0492137359082,-0.262016866441432,-0.168855405447218,-1.68941053046783,0.720423068176595,-1.14809470427108,-0.186553140831631,-0.34459723364251,-0.156791309561362,-0.092072442804885,-0.75013119896507,-0.40583632358174,-0.828038387867085,-0.499600063931201,-0.819198360673333,-1.31127721754446,-0.572168332234583,-0.01734550994229,-0.45724790714896,1.45843770417766,-0.359509168858104,-0.255368442304946,-0.123144930947146,0.072110302507919,N
128,-0.342979696562938,0.426201939340604,-0.084610969389177,-0.973226565615574,-1.65497898550452,-1.68898154142566,-0.406434659187679,-1.38602039870963,-0.168501041890809,-0.323458582725578,-0.128625463485123,-0.827639127749919,0.149725727142389,-1.09748404508572,-0.429097950810257,-1.54929681860976,-1.47998019678759,-0.689036792924338,-0.61739633964677,0.512240285100147,-0.427197159853182,-0.65514704783392,-0.198365683129784,-0.758554992247862,0.045036528706425,0.34119938184221,1.62933139538641,0.358727946454133,-1.39675519971629,-0.915432218245043,-0.328212019996651,-0.737679684705662,0.040404560106775,1.31838751473069,-2.0547682428943,0.080793540344984,-0.484142500718887,-2.40055416915874,-0.225242475319425,-0.047498101292321,0.904182541733751,N
184,-2.76559006389224,-1.77149383346248,1.47104127210891,-0.767714210040601,-0.261326166242751,1.26393899456051,-1.74749159860646,-0.568985579550538,-1.36007377562187,-1.41401740043681,0.05256861129495,-1.41528148695863,-1.71165371692789,-0.916999921973266,-0.816272342137848,-0.49662558286937,-0.137162966799992,-0.922031240068566,-0.384488851838961,-0.855939204883228,-1.33823450184271,0.650467514695442,-1.22087796149477,-1.63542251785217,-1.3507757077542,-1.27153022661815,-1.15440293377144,-0.949409491457088,-1.27250435497744,-1.98659459936917,-1.36268067323551,-0.136145857184959,0.660496397660128,-0.506809883514437,0.519069641874278,-0.626071566531805,0.266917242052512,0.721014041236297,-1.20426420768324,1.28789630087257,2.39202702118647,N
191,-0.960295601586254,-0.409598047146349,-0.389102954715001,-0.093743531200845,-0.19555428334444,0.211033765204177,-0.180668902561536,0.24760989934525,-0.361340751099515,0.317916652628608,-1.19271454206097,-0.022981955245202,-0.458001834788471,0.004360228732922,0.70973528623457,0.747739748923586,0.872524616453848,0.176517193655364,0.516266553985738,-0.498474289900251,0.213641551092182,-0.714432204832312,-0.33625514926821,-0.942364390225701,-0.260343538046057,-0.448779853558685,0.224657290000201,-0.614309927244542,-0.593910476200155,-0.841373231666465,-1.03653037217341,-0.067660626394401,1.13342782579647,-0.820412808934725,0.224786718631539,0.453549103415845,-0.814208868722964,0.200922215872397,0.160747510460387,0.230733542008492,0.400290235555637,N
193,-1.40336012422055,0.455224993908179,1.26978126372757,-2.0094307572966,0.090634661749024,1.13082890787623,-1.97216521348761,-2.07230070546627,-0.366232941755226,-0.954758026474956,0.353877823367942,-1.58886558471755,-1.11015573242916,-1.74282984836809,-0.715921575216745,-1.67287132925137,-1.72159947428851,-1.70934564372428,-1.97940882384146,0.132811377384635,-1.54116635849912,-0.513978170901822,-1.03294130182074,-0.83921397685905,-0.904520956917568,-0.496484470863122,-0.296572525724321,0.061418009860841,-0.748446847607991,-1.24915940025685,-1.05490945366146,-0.257512891347265,-0.745567718088876,-2.86343346058854,1.48025770606213,0.184928960335241,0.685764630052997,-0.720420912154062,-0.30387264206747,-0.509330854682769,0.221680156274618,N
363,0.697899008459984,-0.182449264172168,0.398188584959968,0.185880861440612,0.553619991683208,0.112517778056606,0.947601528884561,0.683607427527389,2.1458489465589,0.750098874702886,0.738459399144842,1.04310580819676,-0.014840299802855,0.249571223047792,0.214299471242699,0.314962516458437,0.718798809807785,0.179977687792595,-1.52149458576738,0.601857494250844,1.01254373060634,0.311342027307906,0.455562442062599,0.474190776216704,0.679653491167192,1.24889703679053,0.448624302958588,0.210106008507607,0.723250533673231,0.801981586507682,0.880686725960541,0.888675108755778,0.651028333226722,0.922263404364777,0.257533698260968,0.440606684090484,0.195097161817691,0.656842246243009,0.359927941977202,0.200688423985841,-1.66590902550972,N
378,0.492721419880698,0.004977620256265,0.834338768974304,0.113612236669497,0.144655245988937,1.06150184383157,-0.456477221572542,-1.38253142244263,-0.168281032226179,0.019116797987075,-0.087007655464165,1.02257973187252,0.613759873286533,0.612482289665384,1.58523732564247,0.152656998837823,-0.782317455658584,0.19946895299115,-0.756831033114568,-0.704154562621535,0.547609598789221,0.361790210378882,0.438551453020219,1.41318371981708,0.061854761108594,0.100642342902248,-0.731693318287696,0.864163666466002,1.26816434186647,0.215916633753141,1.18756600773394,0.597452158845785,-0.757261510956646,-0.982955022456985,0.613659391270487,-0.645756298120318,0.465978945307117,0.264290199048334,-0.2003087137027,0.16913624941386,-0.296786274587055,N
449,-0.015925599602991,0.031382894094631,-0.82158349689774,0.065352538022792,-1.01509851718904,-0.378329424297151,0.510221189321603,-2.01268333027675,0.157119325421296,-0.185575244103388,-0.140443079256721,0.673373430180279,0.362247563585844,0.219816072736959,0.40003290117424,-0.836164053104211,-1.76027715359994,-0.161702914187083,-0.254178689265375,0.255408885272316,0.149129816516027,-1.17083165940255,-0.542448353492516,0.441115764628682,-0.164799446330852,0.548030120767871,-0.542933973007587,0.398754752457198,0.080418799579971,0.839185471974011,0.336505086396278,1.53084706150843,-1.27101711697663,-0.337137519349605,-1.37810868277702,-0.12624753327069,0.441020925099345,-0.376398518985929,0.235326142399656,-0.39079538457781,-0.611068797636553,N
525,1.72670630974415,1.16814819021384,-0.236178722072461,2.4363028480137,-0.303168509628016,-0.109831962682302,1.25785301903727,0.767166533581689,0.740133474129179,-0.152125424710094,-0.175761905686598,0.314770165721265,1.40912351664829,0.064524983562841,2.21378814158691,2.52710417234832,-1.02484253431675,2.14621713578342,1.08733514710523,1.83864863036938,0.129221058962161,-0.129302305326185,1.13670608406898,1.6585079432137,1.04067886173394,0.911407962887838,-1.11801611120552,1.10496576093362,1.54424909685794,1.8018214970454,1.41472974433415,1.20635983331458,0.116667741200847,-1.6965497921137,-1.63140402671237,-0.988018153673642,-0.084317274312552,-0.465900104802892,-2.23863938609589,-2.43798870380175,-1.47912380001202,N
602,2.07850148161754,1.17204750555169,1.13319290058251,2.63140584714649,-0.544385664793809,0.887468250820689,2.09838603866451,-1.03455677507238,0.711310626659117,0.875505028112461,1.5845029828429,2.66863339585945,2.1195724465528,2.27612256294134,2.16185836229469,2.41524964049697,-1.54601258926345,1.86490660293254,0.282338765182803,2.20527084502413,-0.225470025363913,0.410211315244501,2.44634512027606,2.20735975763121,2.78159491698243,2.94172744575332,1.81330521899669,2.01571955353946,1.69035798016899,0.926240230532956,1.59301060076442,1.58578198970054,1.17177000163558,-0.136265961950857,-1.6482732712825,-1.02060387546322,1.49926682352252,1.3684723074659,-0.252147003475321,-0.378720676280821,-0.169749644801273,N
757,-0.610329374871635,0.581291467754891,-0.740287818905844,-0.33039959632247,-0.042317042714111,-0.477147816472401,0.176715797166003,-0.267432483489851,-0.26425871489744,0.828435123401709,-0.343011323553816,-0.291487302026014,0.364246190611941,-0.129086179516218,-0.046781290460288,-0.970369442886999,-0.43153515814782,-0.585388568166916,-0.40865258826475,-0.155772899109765,0.123385110276917,-1.49804793629883,-0.433623474448693,-0.59524034698661,0.170181922355801,-0.097783042326551,0.190737956787022,-0.76823236112584,-0.052604308722549,-0.264345814935019,0.063212359939604,-1.15698269075351,-0.782010027974696,-0.402216468335232,0.035723648495476,0.509969033305892,-0.620934110132265,-1.18271409935966,0.178268838079327,0.010609748956314,-0.005499979849519,N
766,-1.43139729880191,-0.784402905254863,-1.03136267299067,-0.065371920333735,-0.829262740113177,0.235526331983299,-0.341073274562729,-0.03691185362086,-0.692895269800346,-0.726273965809749,-0.855195913161557,-0.534331815464236,-0.682931668685393,-0.232886485916326,-0.564343575273217,-1.09056154847553,-0.057754923882236,-0.373349439185458,0.195942687309188,-0.520024107463304,-0.063081075014444,-1.5167570974995,-1.00427952358926,-1.18516090088451,-0.584916445178565,-0.742319412874825,-0.341074748433219,-0.808630634604831,-0.326004352545162,-0.935696041249611,-0.405389459727953,-1.76328238604868,-1.01313976227974,-0.782035694095476,-1.24402114969569,-0.269469804148932,-0.74007171269984,-0.348659541091228,-0.167898277377119,-0.770802918693636,-0.124871397157873,N
778,-1.33053414705755,-0.64666288173201,0.075241310215447,-0.598275451615562,-0.827894937859291,-0.417385454870812,-0.340879403924987,-0.302388471392933,-0.796099219011037,-0.583198961295613,-0.72978262766008,-0.571898442550066,-0.954574807088153,-0.187381464760917,-1.07277382279792,-1.22434362787913,-0.154705777447551,-0.37822524581908,-0.050225501288014,-0.827750777054278,-0.571904853344737,-0.868297018503976,-0.753117124136741,-1.46321753390043,-0.567901288282412,-0.280300981024219,-0.587108637460804,-0.719773238691928,-0.6938115921442,-0.779673502089962,-0.731863279900309,-0.282870042290172,-0.252961586340169,-0.110957552438292,-1.78026451230577,-0.437995909331872,-0.162938615059024,-0.966587949615377,-0.073096273906126,-0.587808589170319,-0.007732632972214,N
784,-1.09375184999975,-0.700109040703453,-0.737190927101128,-0.031886768241543,-0.384940104409508,-0.085817148759022,-0.121824158156604,0.511941168493452,-0.626388180335369,-0.473818026702747,-1.16288408703114,-0.284674989766773,0.303904086804234,0.26779651856171,-0.299593667911421,-0.772517033530308,0.596365281619817,-0.272926087230415,0.80463248329032,-0.470033986636435,0.096742559471892,-0.678870115098034,-0.603226444805627,-0.840326642651796,-0.292983927327858,-0.333232192941291,-0.328280517422834,-0.816049833801416,-0.454862153312993,-0.89577029029468,-0.277268252585111,-1.56273643334895,-0.967631831114673,-0.218591869291228,-1.38051625616381,-0.45549561870328,-0.826819778547806,-0.475802775788869,-0.152081422568381,-0.556005188087635,-0.105603533509914,N
819,1.4077861445701,3.58477802092517,1.65096165615735,-0.103799605399331,-0.693369259546056,0.944557629846815,1.41291773578615,-0.855167396416763,0.422617986563078,1.08718910182371,1.8526722886795,0.697469225754884,1.87099819996726,-1.01086945547025,0.375714489794678,-0.155441750706105,0.367147689692015,1.49499982619976,-0.383253954364423,1.58838713202216,1.21739451610891,1.08507938460872,0.921002157394027,0.813046293510995,0.448926078816121,2.83579668643422,-1.25664814473993,0.923162370351964,-0.055000333004941,-0.59945675858926,-0.382820572205498,0.540684872955663,1.26490095869567,-1.04721486119244,1.28982214704571,2.61939736408124,1.17459621787397,0.434163277358949,-1.01673879880755,1.08758275991907,1.26933749543352,N
843,-1.51980822559261,-0.784485947457878,-0.627044196926253,-0.169690821338598,-0.440515679132974,-1.35719539679803,-0.698008203161539,0.574132083248168,-0.664859082000846,-0.807959137688541,-1.53775995678747,-0.625206595844517,-1.74137500992855,-0.517259218770295,-0.498372253533523,-0.973217724731976,0.303553471699059,-0.423828962175115,0.493777987220759,-0.258622678115552,-0.742003994548429,-0.972871367014798,-0.576945710945001,-1.28346880424308,-0.535673323806649,-0.669117444359919,-0.349904348055073,-0.629220898824839,-0.606261989009019,-1.05947938460243,-0.487324421297645,-1.65554294330415,-0.741961669224748,-0.683709402263576,-1.05098118892764,-0.456139963268686,-1.27028170809397,-0.481816348758473,-0.257269068269745,-0.656149840836191,0.093897182680062,N
862,0.28815386557811,0.18307591776585,0.159454152008523,0.096723799564362,0.013521932317981,-0.891457247887894,0.639476446410936,1.87912165230274,-0.172792991150594,0.384010029849952,-0.259083986815557,-0.320252195793297,-0.163985855400147,0.005043668020458,-0.097286296935899,-0.0715964644926,1.14018545439127,0.587150353735816,1.66012801852028,-0.076531081781132,0.309675220778168,0.410460512583072,0.07689601738631,-0.910150071475603,-0.021137165298103,-0.250740153042689,0.393337658769046,-0.410228058789154,-0.783894609592067,0.434137838906062,-0.41041322954733,-1.01240391586301,0.316753697717539,1.58900018400188,-1.27337799192407,-0.260161027660563,-0.24903824314972,0.400755570051061,0.620024437250589,0.737975137897168,1.12524342681545,N
913,0.439403203282722,1.15306831574578,0.327609170703317,0.10847204202736,-0.206184047989435,0.047102567029807,0.356710711443881,0.006023494960628,0.025432976220513,0.850404270395424,0.26854759059241,0.552322857466251,-0.135968646757402,0.400688325140494,-0.25554870618755,-0.663442564757475,-0.02578093994381,-0.389454109792755,-0.036084207266374,1.00712451554133,0.346520548577129,-0.012044234239432,0.068426029073497,0.200877121416407,0.43629368851848,0.355522988560451,0.395963470064811,0.856794556027042,0.223594667657673,0.374227394972536,0.292590115751942,0.549976989546132,-0.65510261557418,-0.150655718353515,0.814242985028508,1.11753805269116,0.107449927194496,-0.298332044518102,0.944817000092843,-0.248479599404541,0.125497684947704,N
960,1.26848148438324,0.866159378583042,-0.988310543370829,0.135480989657325,1.54527497919335,-2.18240904253039,1.28814690537348,-0.764707823701849,0.097851281945074,1.3553821696853,0.081430657349894,0.840763999260679,0.518842335795239,-0.129574714869144,0.670557442871462,0.475959108863674,0.508017663900629,1.06176916219012,-0.663701364205285,-0.475468145216065,0.925743765983268,0.082708014001111,0.794936313843787,0.723530043509408,0.404212096865308,0.212711248962487,-1.52328895878491,-0.463786480314918,0.375007642956926,0.035257242051279,0.516621868902323,-0.163899066681394,-0.280066828001252,-0.007716178159692,-0.266428265874975,0.493533359489228,0.111374732545347,-1.57151119229351,0.514180339906257,0.059446836122553,-0.249302837386564,N
969,-0.678760867904102,-0.760100526625346,1.08762408168625,-0.049772798714773,-0.567799487615101,1.08954745211836,0.00563630702333,-0.097664876226852,-0.388883835050585,0.071197040741914,0.699733848285472,-0.075568061267017,-1.36150991922377,-0.239923355621051,-0.863251522633848,0.232146528562422,0.261509566146621,0.335995070026363,0.199748863645966,-1.23917459533148,-0.29671599923149,0.588443584355026,-0.479743639063862,-0.488394191315295,-0.268839922317678,-0.530423755142974,-0.388833332700747,-0.627623229544012,-0.499339448024874,-0.844013049796611,-0.823232570006363,-1.24254444166109,-0.741399190137283,0.213431893544033,-1.00097852476402,-0.472602817937413,-0.334709619738582,0.367587043218951,-0.567780301040917,1.39322328749325,2.19557989939231,N
1066,0.496518767839824,1.65717108696334,-1.48851437481686,-0.071220197765001,0.878366898439233,-2.04909702846353,-0.220416037863563,-0.568937195957964,0.111191077499094,0.174173679876514,-0.569335850515968,0.641243549352355,1.19273929569018,-0.816989548409764,0.575209688382218,0.193368785429649,0.270643336456531,0.899911736314807,-0.398985831992369,-0.369103709198775,0.283007402338318,-1.4336294409525,0.506409026910533,0.893031820572103,-0.288852948006906,0.474422682042792,-1.596229998647,-0.566982318723323,0.503792695352598,0.008460758863611,0.31049995384375,0.698524300481822,1.36344561645707,0.156088002773222,0.155600903543408,0.325172584570323,0.307506704806284,-0.271515117491965,0.114815097782051,0.397129881296757,-0.255414748350966,N
1117,-0.367528496411665,0.027307376143373,-1.39706863422295,-0.287684864693399,-0.132382906524494,-0.3863732990015,-0.174502035992671,0.199688330073592,-0.472539272127158,0.076606247687549,-1.04211829995823,-0.137595210376995,0.604398067111934,-0.456720350007929,-0.446907519652394,0.40743132780066,0.620452802854712,0.252721907953523,0.491056472103477,-0.79907697697537,0.25524106712356,-1.2290760146624,-0.277729272367958,-0.826605217850279,0.060167248982381,-0.742751856552206,0.342951469328465,-2.20217498418471,-0.45191735702178,-0.779196769107038,0.147713246487921,0.94140507635005,0.647792340980331,0.148724303274952,-0.311860000809586,0.127185745637908,-1.04748950927739,-0.231498096876686,0.467753843880781,0.425876719823741,0.720840306898445,N
1149,-0.169223110617821,-0.103463407055205,-0.747984845211948,0.213258153181158,-0.155605723398445,0.062269737982261,0.050385745667809,0.085063954949995,-0.284864434800051,-0.203800099247929,-0.594598787322748,-0.002166790581511,-0.72283134865258,-0.19345006188251,-0.315898664103607,0.7587666172324,0.885603726182577,0.200023074267946,0.315471441634063,-0.680987077296947,0.326886406043326,0.158545164129731,-0.559255992003909,-0.553068406784447,-0.120832097078064,-0.165239631561661,0.135818161579041,-0.588993938844444,-0.092928254332585,-0.584048104763588,0.143209094006019,-0.398175074522896,-0.393980777613569,-0.680472835734005,1.07760168332989,0.159800438798179,-0.81330309430707,0.018637213341423,0.189366896798506,0.168968034416542,0.751622995927276,N
1328,0.102159424565872,-0.288714875251742,1.29448399732606,0.223942582303455,0.251599442390338,0.791902364519495,-0.994548870358626,1.82620734608342,-0.506386607055871,-0.65102355622353,0.969861588343592,-0.390174555217809,-0.534197697711277,1.14692466616256,0.179862795850893,0.146394448334401,1.05414163834066,0.625670406130276,1.99009791079442,-0.881543811585674,-0.340291549533481,1.90945132752333,-0.396932498619717,0.270980220243396,-0.013852998159696,0.241899470907022,-0.346836700818382,-0.490598747644174,0.788298949772766,0.56104757030773,0.456700469700175,-0.568518160043308,0.752093242661482,1.00387932848183,-0.170608346058509,-0.64038801496797,1.44600350542738,0.50870442981462,-0.046627760592568,0.811036226311893,0.24281861472961,N
1454,0.361079502917175,0.567962641826394,0.036926647798078,0.363314680266092,0.336947538336512,0.018381207452579,0.844556875531626,0.197309431664647,2.16276953501837,0.671961962254871,0.488041375678167,0.791151755836552,0.788983694146394,0.851056284112107,0.230552830316974,0.161791861228513,0.351212917619295,0.272024321281716,-1.604606307345,0.127138807900567,0.466370797143246,0.799963146105697,0.546075604081112,0.662806836729992,0.854329670665975,0.693734924264822,0.901737748316628,0.53140117354542,0.456814488621421,1.34543510489114,0.785371370743486,0.405560294802957,0.403122860012402,0.374619593341567,0.103059844965628,1.75973000364824,0.224512568095538,0.10659611539607,0.152832569933019,0.895214940953039,-1.55493391324198,N
1571,0.455556039478566,0.188613636916195,0.517790606276347,0.485433388317989,0.260386481380528,0.054349091288763,0.431536071626856,0.728057838515876,2.15173050510397,0.399727082908954,0.388736223209315,0.603233247715284,0.024196292635319,0.64952200456562,0.221156456390783,0.139247496313391,0.74231803617744,-0.199632896912152,-1.47534853840268,0.457017598536323,0.212548761009966,0.835680633230179,0.441500466155919,0.226263459808573,0.766345301627228,-0.085615978140069,0.819565368693491,0.524310633652164,0.082889310314118,0.882919494881418,0.596871069469384,0.629226378294018,-0.357637052201,0.832558594970163,0.072728917736608,0.237897033345723,0.426063664876613,0.132052329957159,0.12541220606755,0.325923135992231,-1.68759476259482,N
1610,-0.732636121668171,-0.457053699515374,-2.53677948535452,-0.460250694039797,-1.25548469730117,-0.733965321754848,0.924471463573413,-0.583093944152015,-0.118805254219136,-0.797028547697025,-0.65489737739934,0.324795010490115,0.634416615673772,-0.855097699547737,-0.808432910785477,-0.363431187377053,-0.074005971872618,-0.657816280602382,-0.029767011129139,-0.162336829469796,-0.128680872176905,-0.791385244485456,0.072199544629004,-1.43263028512568,-0.759870965336421,-0.897176958464514,-0.848753663957942,-0.312482492511529,-0.835308291021198,-0.283332876563407,-1.26566374899697,-1.08716411561494,-1.19110648129268,-0.6499678644795,-1.22196350339132,-0.387690631320349,-0.551023643569919,-1.08726972084694,-0.181734623466487,-0.388750589658281,-0.817306632373798,N
1619,-0.30596570723787,0.378158431784948,-1.34654994850752,-0.82901431447089,-0.877464167632908,-1.61953956238011,-0.504176351107687,-0.99676779250007,-0.118028596491278,-0.898261653225951,-0.251829566012652,-0.662862345982017,-0.759151560089026,-0.89671723146008,-0.812913519231201,-0.721619549368541,-0.863031250505648,-1.53915322237337,-0.934519684230113,-0.521532106242979,-0.533532616667327,-1.65137892020852,-0.533313112235483,-0.728985655677492,-0.513207956403145,-0.775722735013419,-1.15083720046196,-0.408279286394566,-0.054028131335533,-0.614066827225852,-0.623746609672663,-1.05562032732692,-1.09794779963714,-0.568761818480726,-0.784652681803591,-0.623339665053007,-0.271831175254359,-1.22919097680035,-0.175108437155637,-0.763398311810913,-0.773070236948049,N
1623,-0.534446244559751,-0.355085464724447,0.606714799874784,0.604705506045773,-0.174808688273698,0.449681530335738,0.010891897089307,1.98444110069275,-0.399803671995398,0.787394990067764,-2.06952456535609,-0.35147894174397,-1.69653166380955,0.151783959557044,-0.531953767716544,0.065795922029344,1.02431066246655,0.224075117136929,1.10748108946836,0.393289457834077,-0.132632190979495,0.807352299942871,-0.280746863976338,-0.373629908961015,-0.586239663375596,-0.859726527138203,-0.42463212034108,0.496551042252157,-0.329713781411751,-0.163859800423003,-0.064498090107631,-0.809167524462761,-0.63244924609208,0.205032218706494,0.530797654368507,0.530120961257679,-0.10990210429905,0.986183220824441,0.203101260017216,0.22674102951322,0.73226387922628,N
1656,0.7054514204793,0.444281352417854,-0.033946564884299,0.856851477878548,0.95709559291892,-1.99019322497494,0.798497482032575,0.918582594698349,-0.230840667680892,0.405442160479983,-0.149971531848856,1.30097392654,-0.558668767651522,1.2343821282642,0.411086545161781,0.057016058154809,1.44954879488201,0.40729933271379,1.55283508443662,0.328676003481533,0.663601445107629,0.60385965219948,0.293730650542635,0.701718054519328,0.703853314658384,0.171115140634228,0.402226840440637,0.255876898787728,1.60864827521378,0.787585716542923,1.53315991124192,0.529164322547775,-0.025279353090407,1.07355891381364,-0.150080105266925,-0.399653593110329,0.118265836673407,0.101357695433194,0.904195640929307,0.764342184511166,0.48775716996107,N
1665,0.526054564891982,0.737653495542865,1.0655555715192,-1.07808278115698,-0.719285192826602,2.17246635331218,0.468947809845289,-0.331058311218914,2.13462196740254,0.385707578395388,1.87640695507279,1.30011369602595,1.51415975746019,0.368691232891351,0.418538014772477,0.042864978075772,-0.368615739199246,-0.467398616541952,-1.62123302198379,0.143850558211016,0.106709094823498,-0.455263885672838,2.43624357290544,0.428088482184746,0.712697468089528,-0.38718216999982,0.484280593422018,-0.000339096577457,-0.037463404730373,0.880019499579822,-0.068069853376778,0.400018761889782,-0.893793062238429,-1.32738649037388,1.45852006706166,1.85527967587349,-0.817479449729085,-0.088923286794107,0.525191018717115,2.10463421312453,-1.07514606417682,N
1697,-0.777109226185432,-0.208754614108472,0.117569278327289,-0.014884360663882,-0.261260535715563,0.004163815368734,-0.707260911547097,-0.276423538594343,-0.37653687914095,-0.371865580875288,-0.868656365586971,0.215021161905625,-1.10247475724393,0.237333275676662,-0.007569380510905,-0.437836471829733,-0.473861651466127,-0.573386886329005,0.145343537719939,-0.501510976065844,-0.795050937095062,-0.346219817487675,-0.689249098699449,0.379369366913091,-0.533600281635803,-0.5469455265376,-0.18631082276618,-0.298220833418273,0.316428897892395,-0.424216867351474,0.374222123133071,-0.7315353467834,-1.78382371901815,-0.119936727766664,-0.903581247731505,-0.832103790430703,0.449119837162668,-0.550078462476526,0.036873034543282,-0.511247804283214,-0.359368811780312,N
1751,-0.284916109039607,0.317843077209986,-0.514261642208059,0.234510018546693,0.789151539364987,-1.76445336461386,-0.274026011269026,1.01147344682391,-0.047447736005466,1.11078134375701,-0.343019970062521,-0.293245015876286,-0.548944984039968,0.113185799728825,0.306426067970218,-0.03264581906777,0.40091446923214,-0.210855515765543,0.813151501199762,0.537096832084571,-0.046354997424471,-0.935973718404803,-0.154144185809235,-0.191043426930494,0.25726078809373,-0.165573237241113,0.83645059592931,0.52960234879313,0.10187612963011,0.528102861725595,0.271088225968496,-1.02465057891439,0.738865001552719,-1.0521687144618,1.25481160006027,0.70452223141498,-0.875674121576796,0.070383648947734,0.572719835147439,-0.052823593223054,0.500026571384218,N
1797,0.728713958799374,-0.37369590183543,-0.306945779152112,-0.703820619252061,0.866077948009647,1.33535280972731,0.401015021248616,0.406840239413914,-0.707773491488969,-0.934024338861149,1.19356838479552,-0.06454080206832,1.31697002956423,-0.176736040180206,-0.50259677255791,-0.568122768386642,-0.339426799556517,1.04360650249259,0.353122163086686,0.42073383836776,1.35290447321095,-0.901804921453362,1.88191375423597,-1.85245429843022,1.15947914281961,-0.290983861488661,0.860812473070658,-1.29668254776009,-0.911373336604724,2.42575332994345,0.621861134576093,0.024117027915392,1.22035430441884,-0.273711691445557,-0.364799751388908,1.93007526516491,-4.10001119561837,0.44251428636473,1.69054013871555,1.17972698998059,1.84195727194612,N
43,0.148776319135179,0.559606481998102,-1.7796420639843,-0.360120041341763,-1.17294753169261,-0.792464631573305,0.322262499036583,-0.82048876085944,0.189313463734604,0.889704892041195,0.87863443663173,-0.060440666523206,0.45362090015535,-0.148190222659405,0.009567295596096,-0.001849503820469,-1.08047836465998,-0.640627661975728,-0.483458979166326,1.16304736273753,-0.14690675963138,-1.12159549792746,-0.10327091748549,-0.254285467848837,0.57722170553426,0.897454177235979,2.1056009956433,0.125525410813698,-1.06220333462461,0.504942596446454,0.01515931296655,0.507701006781865,0.216851589612721,-0.049730646872621,-0.72823960893712,-0.756922293940301,-1.92026057745501,-1.53284557769327,0.311637430576016,-0.98731621211919,-0.246536097526385,N
96,-0.696676434723863,-0.070887491195015,-0.201510722873309,-1.19255994095061,1.58449406241073,-0.588777945635352,-0.861786280868806,-0.79777263308001,-0.697739097245939,-0.588265813422664,-2.34807832814655,-0.470341789395681,-0.248967616070021,-1.39926884283123,-0.222655990798625,-0.308572209199635,-1.04218952192433,-0.579540263190343,-0.526503782425097,-0.628203454942343,-0.879665167831118,-1.01117511697553,-0.779620932313584,-0.943919809353148,-0.561343413433366,-0.810366039123189,-0.188894811842771,-1.22420042940196,-0.537846071670968,-0.807980930361744,-0.741939757402004,-1.54280041007875,-1.34027686351364,-1.25264420905571,0.028249713546311,-0.499203779667543,-1.73303459089383,-0.43126124564663,0.30315682627075,-0.595281385876423,-0.774087291359307,N
100,0.216376152966278,-0.137681551531347,0.056653980928697,-0.430242549179735,1.40369980624063,0.599458670223689,0.7091953361338,-0.259549082118165,-0.239770352162339,0.319367231499396,0.077085786725984,0.217489379068544,0.095925958573688,0.098292613891647,-0.13155172638673,0.449082124870222,-0.640865288937652,-0.435906012456593,-0.10373545668463,0.111468351008216,0.454167219361092,-0.669657957495965,-0.182769916151395,-0.28783378895942,0.324288076981635,0.540970709055127,0.152055024457768,0.278317918336253,-0.323381057829729,0.114628275342766,-0.642835866508327,-1.36450857408988,-0.443100003764424,-0.17020345544385,0.626801752629816,0.800043117833167,-0.206046561372196,-0.100146786202647,0.163877181479566,-0.664975910419651,0.95047571316908,N
134,0.569735422243426,0.412344435338098,-2.62673429515627,0.221750124112475,-0.185711146310126,-0.963120776015619,1.05719678704413,-1.67183600504642,0.200061550195102,1.56405187560441,0.179957624035359,0.345258521307004,0.737415473845342,-0.491404573589091,0.425833129867492,-0.937711600011416,-1.28981004551129,-0.240913748074276,-0.480779419411862,0.995555309807827,0.341478554511516,-2.77611282923302,0.004575260030674,0.293598524162984,0.486886768646511,0.546728648573331,0.57935219797727,1.01663075924715,-0.170990502427154,0.720575017710695,0.266403485735466,0.156349602730351,-1.95993517268979,-0.24750958525815,0.178888281225251,0.416044531058893,-0.806164322812128,-2.0991876994917,0.328215341599066,-0.94916002999703,-0.486606874590251,N
135,-0.730831791228988,-1.08486010261969,-0.898374640247918,-0.639678558097378,0.41423294288584,0.011710805183757,0.48650655098919,-0.457554790741738,-0.517350512657676,-0.050811083801276,-1.29706709398595,-0.225713774869051,-0.575066655590481,-0.533146929413809,-0.644895472466777,0.496022578830298,-0.457106941018286,-0.535115752919195,0.2049596678469,-0.14922684440276,-0.510511711233874,-0.951584146218198,-0.813951931643516,-1.16876878065623,-0.635524802703958,-0.686251911568333,-0.003182123338288,-1.03128594074092,-0.753631027817788,-0.22504093968781,-1.17394463605573,-1.00481030656477,-0.061433597813602,-0.106706976551167,-0.578917730545628,0.043156352120915,-0.294776041142369,-0.874650561715703,0.141605479896659,-0.781828960276723,-0.131533359965741,N
136,0.655982255060403,0.422423492843262,-1.31158798625386,0.102882579684462,-1.4575546171398,-2.37624511256051,0.580446858147746,-1.12363374960822,0.093331608339178,1.24003251763361,0.192575041862104,0.046408661292449,1.30049618062137,-0.285677629998233,0.226960953110778,0.029529692202096,-1.18703187599391,0.048072326048848,-0.338682160788932,1.09951819600036,0.324073522394236,-0.477518738057762,0.088787062161792,0.178516953034217,0.571323995638445,0.554013712785896,1.67524494049991,0.912877441105245,-0.676656068725607,0.2595934043286,0.139794534143952,0.715103444986612,-0.394937196996334,-0.450670150496446,-0.161981086895103,0.762530549536707,-1.09608798089385,-1.75543124256045,-0.08064960383536,-0.799525905031864,-0.145660718369733,N
157,-0.619842835928221,-1.01025087180959,0.374815269257996,-0.629463842192296,1.19170116488628,0.375936891745611,-0.278504283169497,0.420029721300651,-0.674907282104092,-0.165470091305296,-0.865145883053027,-0.591097968540738,-0.873404661078289,0.080752421390215,-0.678717145692238,0.252917079553458,-0.490901965498937,-0.889200807723236,0.495853202907084,-0.110889557805061,-0.374259105108741,-0.408407764285449,-0.301725740485662,-0.292372763652161,-0.280960814572301,-0.274380953372232,0.482785744048145,-0.185892202321366,-0.476783155866484,-0.473612072063232,-0.645424762635671,-0.497970117812551,0.402659505391974,0.002767005774364,0.040798530231745,-0.199769715542083,-0.079584228153264,0.92908464447886,0.86540193398705,0.013676066168879,0.451584859668338,N
196,-0.417115938376973,0.019131676899952,-1.40297892816471,0.019338780451859,0.155442571686678,-0.759189922994293,0.094206648882548,0.421034474892304,-0.303362889386432,0.000598828361642,-0.33124774846162,0.073837786201317,0.624190946857875,0.212333844529176,0.663295257354391,0.506177089816436,1.10332779387723,0.195934625479202,0.445494183449305,-0.219261784347575,0.484064919203488,-0.322264243451147,-0.138425803792829,-0.429159074572118,-0.281926974169603,0.302300521089115,0.304362658414375,0.043023086422903,-0.222104943575055,0.090181512831724,-0.61782916110004,0.887290433353453,2.21686887447792,-0.673846058370845,0.859567524925161,1.10209424663503,-0.676474003589333,1.27002049511465,0.026564777590299,0.081988971470856,-0.01631294116799,N
197,-1.0187937479414,-0.881909066484325,0.57866841687329,-0.480810198537955,-0.168133012230158,0.53712647941604,-0.249831322796754,-0.109733088765298,-0.47969861069029,-0.146729362112426,-1.13907376368669,-0.282177938651042,-0.429574979303262,-0.099206390066139,0.086719631013202,0.026626511790076,1.03294404714243,-0.281563221378269,0.414605075258746,-0.608027838876398,-0.233026470546826,-2.34011475162388,-0.725563430955888,-0.930461586488654,-0.596191864562857,-0.075521421800692,-0.218315396489856,-0.659242473699414,-1.03480698449131,-1.10015128482588,-1.12650007226332,-0.290474418758837,0.600480587191818,0.457482722807105,0.068055472019236,0.075911937323333,-0.221802175029266,0.091233080340965,-0.04120641347289,0.189595034996716,0.79313064203343,N
212,-0.246556512495482,-0.486443931194798,0.254889953529999,-0.533064012842928,-0.364271331456467,0.349471834823603,-0.542944049313611,-0.077893138004767,2.10291081900446,-0.021997403872875,-1.13490398486404,0.111931823789464,-0.745959924115726,-0.494415730032114,-0.357987949866842,0.375880098858082,-0.118927588453807,-0.582954420086722,-1.64060139384442,0.074491045365186,-0.258414404866531,0.286406195499896,-0.563844068767495,-0.691680639239363,-0.208406357318757,-0.533532270984669,-0.015207633883279,-0.68670438127263,-0.278044820740313,-0.994595085107767,-0.201405735337506,0.42158021886683,0.366136185971032,0.366142539361818,-0.802602300886591,-0.783789150255542,-0.682798108855927,0.629967608569451,-0.185731538468822,-0.875363405089904,-2.01975120076875,N
218,0.491253742888441,0.007839774780503,0.174703660645827,-0.101286609270251,-0.009208756380831,0.223853295520222,0.736114899234111,0.183577430684969,2.14515612148603,0.586128179554814,0.103038282601932,0.527995617231238,0.641873195852581,-0.219713108429437,0.018062323363425,0.090225294692672,-0.082076807258218,0.105021085842907,-1.59442110855253,0.544301240337973,0.540135446688948,0.375006384355395,-0.041942906206963,0.100061380867193,0.567268808211172,0.594444894775552,-0.193201125637579,-0.522839710941377,0.397915960064518,0.296773480046752,0.389813494652604,1.20705406330071,1.03012284351263,0.543960442485602,-0.301029117349282,1.10024991969978,0.589971407946844,0.690623141982082,0.033857052814503,0.476158294513341,-1.75239266429321,N
268,-0.728050629997236,-0.355597124484638,-1.01117766717412,-0.107846340868176,0.160673827249865,-0.131932782600367,-0.354550986524779,0.876315672288348,-0.677504840251537,-0.21074866791512,-0.358974940249125,-0.360040042720458,-0.290938396061925,0.010115877385003,0.449825044701365,0.08987777331248,0.865558682857315,-0.336712577774578,0.767378397112042,-0.070735661152448,-0.132426590464011,0.156576624777103,-0.152542681217333,-1.36212969970543,-0.23184552755344,-0.286444834701155,0.721226309720949,-0.505517619296751,-0.47508465263758,-0.328050328162685,-1.14261516230244,-0.192711975864582,1.59724426999643,-0.471344999338263,0.650668323774788,0.008835693417852,-0.859821544741941,0.084695067594044,0.169654712568218,-0.124174066825783,0.366671030779835,N
357,0.577871387630573,-0.080841750391432,-0.704154247149634,-0.007641441837772,-0.152349489456474,0.299715083180492,-0.128306333767024,-1.12779890857046,-0.447531893724062,-0.179990500630471,-1.24218770323978,0.515802301693943,0.270128181442315,0.051521008326601,1.43274982398691,0.129672202403103,-0.529545448300481,-0.229188006779046,-0.520678178275507,-0.107957422189107,0.111390792145048,0.153820414372126,0.23162685395953,0.989682223706329,0.000287364776679,0.142117989936449,-0.269294258877107,0.990485836233778,0.660944896101874,0.585984937694331,1.07451471018257,1.25200887771245,0.190083120312387,0.037199237986777,0.235663674143228,-0.547109744949841,0.080871639417522,1.19847584418875,-0.043731617796297,-0.669700578304186,-0.875917995849144,N
455,0.387843258626533,0.472913145537635,-0.419075085253875,-0.359194357013139,-0.561613590882823,-0.642533245559761,0.329144714943376,-1.92654636248942,0.039244643415357,-0.217972673986409,-0.275795526513787,-0.037789275639504,0.407779596969799,0.114340295677998,0.272451775517299,-0.922854174506631,-1.52127558083897,-0.387594423663116,-0.971573729231736,0.243479546226093,-0.096349155263947,-0.46009630290465,-0.492118615565147,0.274095028436514,-0.587373853503797,0.893609843394119,-0.866818775490922,0.567571916963994,0.503686736477086,0.765003107605628,-0.213207109787005,1.66381542425748,-1.19610829339322,-0.162148872163256,-1.28784126835757,-0.696724361672829,0.458906005330627,-0.273415479271193,0.214305781878859,-0.475078468552592,-0.222095746030086,N
468,1.01244986715652,-0.228372418504798,0.022696468310346,0.832548202557128,0.137959075822613,0.459597083673859,0.434871589651895,-0.720472227659991,-0.282023363198887,0.285506373647551,-0.03957939359392,1.24714653514069,0.976439174414955,0.76668168654557,1.93195763814168,1.11230794415107,0.830368247879359,1.28398006532677,0.08869007356219,-0.377440969560916,1.54207452087998,-0.282659115724597,0.438499735965787,1.38116550902102,0.459203234286015,0.557289928722953,-0.110059648502287,1.1448889220067,1.36766187055504,0.937126905017304,1.22627399614195,1.46619990604137,0.94959821924692,-0.280365687525199,0.267622379907191,-0.524027114567821,-0.069523176208955,1.53278653044133,-0.173557381661518,0.396142838874752,-0.048563628119429,N
526,2.52522535300457,1.83603010260509,-1.85975314820995,1.30991557241107,-0.725825821717509,-1.43100917388585,0.603616060733331,-0.951524594616236,0.894909496258824,-0.520539789828584,1.11947429008122,1.72885932491023,1.84960665113413,0.68330779384167,2.84497690288188,2.62069950192415,-1.58742737722198,1.49262772278906,-0.008718441392261,2.79758342252197,0.66369452682188,0.1317690963349,0.422665153853642,1.80754317958117,1.5806574154679,1.02336225658885,-1.04725906006273,1.49131463833237,2.07569158487374,0.713863779044401,1.5040364487215,0.687208282047845,-0.465134482247651,-2.64972401574036,-1.02309855630294,-0.883991490482842,-0.032107917843928,-1.33940820007783,-2.40989594898413,-3.09172218665006,-1.768427529149,N
601,2.41158382301495,1.51271069111179,-0.499593619641131,3.72958727942908,0.323006437764074,-0.542412840882952,3.20133281134615,-0.725328897013339,1.00104529879573,1.82139333471321,1.73735596371746,3.64541602378215,2.26549741060716,4.09121280383055,3.20555057103938,2.81640556663075,-1.47183866392685,2.49950668740549,0.348448118981356,3.00830940165843,0.865368181883974,1.22985418956504,3.3005403737485,2.3902824846672,3.84857706027653,2.32606514658042,1.69807542514071,2.24707909040087,2.20137040251507,1.98484048079758,2.87491248490371,1.44197179991136,0.768466944755425,1.1300253016782,-1.15039921522046,-0.254934029684781,0.657375723610239,-1.03682756776382,-0.170817724648455,-0.50059196881744,-0.711343197450605,N
610,-0.935927982571986,0.102321853925175,0.295646618804572,0.502959296571864,0.029938339805294,0.243907616353849,0.116428316491305,1.18057642304217,-0.688201664921001,-0.331724572978725,-0.679885787554758,-0.300368899971322,-0.235180693862073,0.043546035630439,-0.134849227957949,-0.372606715383985,1.09421805211966,0.461917980062595,1.27810866496064,-0.87021354422784,0.142389613384844,0.074503962889542,-0.304881848808644,-0.693092425804463,-0.197331765001261,-0.02897997471709,0.499744914108236,-0.589221796992492,-0.126616750340815,-0.21956347879262,0.227047685651709,-0.98112889061001,-1.20113208087886,-0.64482064037569,-0.221047116900296,0.092960462111998,-0.46787949065911,0.23078509994581,-0.019062568077929,-0.227801315038319,0.390904927013412,N
832,1.2079222054763,1.17135978397381,-1.30040117023213,0.300407704184951,1.27215182854859,-1.27099740258634,0.356676685736075,-0.328433287100162,0.132992544983491,0.556862231177733,0.236248557327509,0.745588725016459,0.354261581716586,-0.069487387500928,0.666528317142995,0.437067513959464,0.904497927246764,0.610079609281432,0.013970549944813,-0.267924769083115,0.587376793376418,0.007622604830475,0.758281404577625,0.777039857437686,0.475372316095376,0.141687431399651,-1.66165540555032,0.146353390686026,0.159898003552225,-0.178050931941028,0.486871679065062,0.437344363108619,0.310079000076434,0.561340942269439,0.234639181543788,0.143303264735363,0.134736442445664,-0.188358375380841,0.298695540376245,0.443922482420374,0.186210177228906,N
884,-0.410719222463527,-0.403936384140452,0.378517747973932,0.007049625015298,0.641443438915772,0.488328797456157,-0.643796899392564,-0.390915880601929,-0.360836749633957,-0.242182715422941,-0.512908734711725,-0.147618856965628,0.263146745094027,-0.19804720560263,-0.272033110412895,0.034289493256755,0.040302378920855,-0.003893683864348,-0.23282208602361,-0.196585462681181,-0.46337606419656,0.143686049150429,-0.222847214970007,0.057248997264353,-0.118300234740431,-0.347275539241668,0.674625861530156,0.083401039285599,-0.212112261006625,-0.114459108614974,-0.198070272980874,-0.512016518819311,0.070922392449975,-0.207612508649116,-0.244647655562736,-0.176848063941901,-0.282115964644121,2.0972049383566,-0.357662672852835,0.611531006336114,0.33366988734612,N
956,0.245342870724682,-0.35093435122773,1.18692152953425,-0.342809520680908,0.151950516812802,0.716532321332378,-0.137801327418707,0.139149663488884,-0.397976398110261,0.004100765896297,0.943971779655751,-0.566814446854332,-0.56497391853141,-0.961348950972966,-0.250247652605741,0.221624965704214,0.867638671564127,-0.003938982310154,-0.58818239859799,-0.93333573824223,-0.32217151565715,1.34238455663097,-0.394431391229517,-0.190119986546026,-0.060043106607089,-0.465759835279965,-1.8399993621871,-0.776018586102405,-0.715428481929881,-0.993224557057332,-0.462406783346664,0.843898087638809,1.48177494249588,0.564954750837995,-0.245733833672308,0.052344736017629,1.02393347628861,0.869113067832066,-0.41678716753036,0.994103728421348,1.30664763754659,N
1031,1.10453517841792,1.53613638346857,-0.843801727885686,0.526911235930159,0.874710940478711,-1.95354717536303,1.08527405498235,0.79337515270411,0.265158541882579,1.50543870173485,0.749678244188668,0.986381202075166,0.618362102476936,-0.019689501994247,0.322472057064752,0.836019107113356,1.43973512291438,1.30559969142127,0.191264034298583,0.180495298342373,1.02068983215234,-1.62724872279751,0.824424191480428,0.511650786184582,0.976950745064084,0.513634458891884,-1.19021655950009,0.105540529904608,0.060473928294631,0.292603217597812,0.121791625929373,0.260287492386359,1.53160405271859,0.397289302032298,0.459704074934653,1.30494988075288,-0.401226005940597,-0.449971222391011,0.661478105424411,0.37509150311175,0.134046181025181,N
1069,0.077572236111262,0.153962409388992,-0.275103357570446,0.316587725887987,0.587776908718949,-0.292191217568428,0.16071566228824,1.10888840566825,-0.085419532663625,0.226585020112543,-0.150637313019087,0.092031408353851,-0.161862822852355,0.577577827645828,0.251952007211793,0.679545149482443,1.03979414953821,0.669226536831311,0.85879988290382,-0.461217168749004,0.453444013288325,-0.702408309356009,-0.005668946703548,-0.071780486168379,0.551661228231257,0.25173253233093,0.613640463075518,0.105541629717021,0.059293359559788,-0.364810233319702,-0.030251414231106,0.350139187184668,1.62063620761756,1.05580351440196,-0.717158155532076,0.0716727575379,-0.580760410977152,1.41382007620614,0.196628345416521,0.604848102806084,1.46599656988607,N
1176,0.364930251946105,0.268349588619601,0.353437738867179,0.361860642332119,0.354068000759366,0.080160304561794,0.297678352185262,0.419989882876163,2.14738585830915,0.173254503424637,0.43998624192686,0.518643062930639,0.050491589337605,0.702339784940949,0.124122170767396,-0.399178557606994,0.480795261487775,0.174579795433072,-1.51033830183539,0.26683792588025,0.075865251968519,0.466389337434917,0.241075685678441,0.33969241317096,0.321463007461322,0.239871722845118,0.634135945705008,0.150422482027795,0.251335959200883,1.31408423342275,0.670474571400536,0.121664082891084,-0.896397800873552,0.245489723511397,0.027169682035613,0.236346099112916,0.160492338940279,-0.056423029198139,0.395234506254492,0.184011634749184,-1.75738344982791,N
1208,-0.178252527395034,-0.700689000814752,0.214437169855366,-0.130554285057677,0.060713948422264,-0.273950052048728,0.098994484841177,0.46192205621641,-0.378424598804693,-0.549976765473655,-0.606299675226838,-0.261506606258128,0.132567066495998,0.289354460839847,-0.287822222176251,-0.04730457318054,0.688734642400758,-0.055358863430149,0.749159942379273,-0.296186691086512,-0.323817042006367,0.70290980109468,-0.078423943894681,-0.434128283195789,-0.3901762203797,-0.078662129875592,-0.14517512390961,-0.487262378327947,-0.554720808643807,0.154819011784546,0.021488046809044,-0.688716502488551,-0.480854144344193,1.22131904474116,0.879933511970566,-0.277796684981062,0.050531088603197,-0.049590482504186,0.500955040878153,0.255564374575468,1.01961611536581,N
1258,-0.472467463008583,-0.777700918731858,-0.58096450821368,0.236080970416558,0.314773023462817,-1.25812371880372,-0.590491314978124,0.858880424264054,-0.272151161458324,-0.321181788167363,-1.26761276208477,0.008236511096734,0.041713442713384,-0.182506725291223,0.063476379169632,0.521485044975999,0.708223539617473,0.506232700700034,0.873582364557333,-0.691485388208283,-0.259202076400207,0.091657744607195,-0.486233838585206,-0.610180469294989,-0.156660124798932,-0.502734766413134,0.065767257426862,-0.340694631128593,-0.285879060105298,-0.010370576499837,-0.258458876767543,-2.39299026401981,-0.113968203993076,-0.50409047120494,0.879416593981299,-0.093629252937825,-1.05784400625374,-0.361367283966539,0.239072862609378,0.029139894025542,0.768798838615153,N
1352,0.419938752947379,0.574550697482895,0.955690323422683,0.327563641078881,-0.133697828414412,-0.031275278189392,0.20949381767354,-0.028123717409831,2.1343394743399,0.455782494534972,0.640297747452134,0.51574030684769,-0.450180951835854,0.451643211785726,0.098201605158352,0.22181200995525,0.281981538555438,-0.000512691613275,-1.56956742757118,0.649272948987483,-0.03171670565042,1.15310950313719,0.024419626584692,-0.187631544764193,0.405245306507708,-0.047430022214654,0.044715657440647,0.438062014113536,0.240524360855036,0.572223106223906,0.530883770340823,0.718987518561342,-1.12353648652645,0.188486041844503,-0.684843893719387,-0.097232474991298,0.516304394926574,-0.281469091998973,0.159091191446707,-0.698283772995143,-2.00402330595601,N
1360,0.159819355230965,-0.134925362173034,0.207942670259432,0.225408212973665,0.285204020714191,0.159297730329427,0.050327179040951,1.05185562549662,-0.168304603228583,-0.612331792540745,0.092011822376777,0.163408829134552,0.416463955007571,0.999058958369047,-0.131021602966585,0.841574441470362,0.866242843080984,0.161292784257809,0.738615360331642,-0.397200550165751,1.17463560046958,-0.892097776085925,-0.268432485008759,0.260450675212724,0.267573051109671,0.249795246080771,0.656883683268565,0.537885181842911,0.843785988624565,1.17182133292618,0.260180756562155,-0.11640132496948,-0.005483730748427,0.261929254680841,0.489408680202478,0.538646862821137,-0.222862939437504,-0.190317742770811,0.731322376696573,0.555180491731255,1.47424945566886,N
1372,0.753781026739943,0.744528349294184,-0.674996485445078,0.657464923178593,0.663068873519038,-1.06878143563194,0.896927275363061,1.15122702363545,0.307826868111448,1.57515072632719,0.552112005177008,0.209841004177054,0.40158296180977,0.344111043267974,0.298497548236972,0.858096858988976,1.49089106854054,0.707730320729217,1.25909828193746,0.511764175263261,0.883526739656521,0.867097605139377,0.801187980619309,0.229250605898679,1.35780324697052,0.600809672342689,2.78912815490266,0.220207590535818,0.371839615532281,0.680494044358438,0.816613796898689,0.473915297148506,2.72903328512675,0.231450371391571,-0.128695003896096,0.800092577647655,-0.472476437616835,-1.06727428323335,0.668883088450741,0.101959992621679,0.414528356165837,N
1382,-0.108875260645825,-0.203974388571949,-0.67759339042606,0.228049595773676,0.260228007274191,-0.533098011868601,0.582174713065291,1.04831006185264,-0.434901877729933,0.013792892754249,-0.276668823892921,0.044413949119365,0.072388511380363,0.718121113238718,-0.097445852065721,0.654695046678132,0.757402951038194,0.056352489881244,0.86307342833194,-0.186195225564685,1.00092453624072,-0.337905495719785,-0.283994781608848,-0.219083775498107,0.277643838806807,-0.303415519465051,0.14946271170033,0.498473329038398,0.51044887907634,0.063757139901769,0.111102231541533,-1.47342861724637,-1.10992466991661,-0.06853070301915,0.155189520461602,0.39881947627714,-0.454845313322953,-0.758963656475978,0.45059327901696,0.180865921775358,0.217444888962753,N
1413,-0.222162382880277,0.308875885895998,-0.24645819192121,0.554883807806366,-0.310131608660709,-0.449109239597436,0.551940600735343,0.787241189587016,-0.331195196655039,-0.24238789148026,-0.733630324033492,0.250046846495811,-0.380215441457461,0.502226517663559,-0.558096623161762,0.700826166037384,0.956167188438101,0.318201228654402,1.10988288450773,-0.677992295945474,1.41372283190583,-0.556796995444131,-0.429254398378501,-0.201967860765621,-0.260704121125944,-0.453126574510505,-0.130480783471277,-0.019422771148643,0.31948832102939,0.429360802908341,-0.193636640091413,-2.11249737788623,-0.620930861253504,-0.565257405670644,-0.573046301731569,-0.006413290751648,0.447431337384713,-0.991659810880687,0.370711467318476,0.105059459606855,-0.154581136359236,N
1419,-0.734978027152469,-1.23147844561529,1.12157599455518,0.042051238816509,-0.231642852728197,1.17501149825937,-0.319796467943407,0.447584746462467,-0.692549583748283,-0.493536540789887,0.336331895579747,-0.217349228720026,-1.01416931509727,0.298955232839747,-0.873306521965558,0.134376085656321,0.612665003136385,-0.348137134313675,0.579169806884147,-0.546292211767852,-0.16471166242843,0.075495170499215,-0.664776746448784,-0.230369903967655,-0.451782726418305,-0.589138902616554,-0.646216872101884,0.119803156849595,-0.175706933267653,-0.582085588544571,-0.211828745749628,0.174710502509075,0.425703715072295,0.734876229534816,0.685144308739372,-0.388399478398064,0.419032620777163,0.546141840985893,-0.167360789017301,1.27008187512314,2.61047955841963,N
1490,-0.27071624031521,-1.09126132000968,0.022171989873301,-0.590642339164911,-0.714282760867921,-0.109021315727,-0.805603812463646,-0.252291175390706,-0.521170043181285,-0.155481678568409,-1.12986523191661,-0.560920497159423,-2.84596427348514,0.268501867221462,-0.067541608949417,-0.105851780237164,-0.814675872733833,-0.779487979932638,0.112917558468772,-0.24965037260546,-0.948229592266147,0.441564737069488,-0.418596469972804,-0.214395807186689,-0.131544480759051,-0.509580324525845,0.737178414001935,-0.612070446803929,-0.190879296562296,-0.430595344833265,-0.352466505529757,1.03798063882671,0.672199666593046,0.241968807952788,-2.33582818554783,-0.626611399109258,0.204227174359085,0.175597994458147,-0.161504379370635,-0.46420314332717,-0.075128837749998,N
1558,0.451440875727318,1.50577765376733,0.258498993778559,-2.70343483402588,-1.59813672000713,0.186450212407102,-2.07858054760779,-2.63897453720752,0.337984513724896,-2.0128092147443,0.277514020118766,-1.41700006299919,1.00614225227692,-2.4747846951637,-3.95861569905366,-2.37518781816505,-2.11313914959226,-2.53652073703592,-2.31436730660834,0.851873170950148,-2.42817884577119,-0.692245633272969,0.259165287296099,-0.199802971969341,-1.06413179979766,-0.772875672094022,-0.901754690204874,0.895360015942061,-0.559812785497216,-0.299105293694911,-1.18583612684637,-1.52182191044928,-3.10073636822344,-2.51919967027634,0.962499100799547,-1.29597161503104,1.01959452891951,-2.11163470988388,-0.141311852182584,-2.45903421749822,-2.1147475340721,N
1604,0.221872445682439,0.540055211506583,-0.186265605962338,0.898641579928325,1.03435362835302,-0.595714229919876,0.310576034575547,0.024430981261287,-0.121248461750355,0.144189977586399,-0.08678500786503,0.925259789296384,-0.466624958955752,1.0441045128728,0.484203938880918,-0.119389848127891,0.911882546805685,0.174418058596965,1.03009494380728,0.164297315201252,0.680791776965227,0.529706882969289,0.219461929207102,0.652127868085975,0.207000511292385,0.223131442241913,0.355348735262351,0.191679533109134,0.753724839561718,0.350311194712704,1.10838867282105,-0.066077841413375,-0.571383497263556,1.36298566665582,-0.112084835724501,0.044088775550011,0.466208793405366,-0.473308776462258,0.495826185817486,-0.181110745107739,0.425209336530184,N
1620,-1.56684496297619,-1.31665689493304,0.925296125258339,-1.64224811940611,-1.48969566872397,0.880122968798205,-0.601579773266121,-0.899482138514457,-0.421262200315683,-1.14822856066525,0.345587983147697,-1.01479743301369,-0.615957316613656,-1.0957603677643,-1.58544968821846,-0.824686466061159,-0.686738035610856,-1.6061377674653,-0.441629992984745,-1.44260915351747,-1.70020832853032,0.710018130465604,-0.747303643062326,-3.93933421329921,-0.889228587771427,-0.848359814781986,-0.529039268288492,-2.37322554325785,-1.72556100110293,-2.1918585585994,-1.74575356619332,-0.570398787069286,0.153928716885764,-0.291257807603478,-1.02216911646467,-0.875441519508704,-0.424707302137807,-1.06657399245678,-0.560359227727377,0.292478606686171,0.779689869502885,N
1628,0.556278020573526,0.019239643099291,-1.13675432666531,0.663043957770941,0.550042354849602,-0.733337984518312,1.2269498727358,1.25535634027097,-0.018075601016555,1.46649963251869,-0.224022394019632,0.715686389114825,0.479003502142401,0.376065178459608,0.166332002891088,1.18646467906724,1.62859817593891,0.14505924793979,1.60594222439108,0.383245948342431,0.427664892846063,0.397185350043425,0.160088831559411,0.409859449621851,0.661453695462053,0.349481450557975,1.44919259129412,0.052454827034576,0.11691732401405,0.107294691834589,1.01442683754411,-0.223382254534061,0.273485452119772,0.530718832385844,0.442981360891258,1.07626208948405,-0.341980200686406,-0.073996070556957,0.579284876452557,-0.182789460984358,-0.133605540375425,N
1661,0.277779199508086,-1.63354790003591,2.10290726622931,-2.26869471550937,-2.20568368407518,2.09748099966926,-1.57537547002252,-0.824318337171588,1.95837458325804,-2.12347181855058,1.93777338897437,-1.53253106720255,0.627375883235705,-2.02098820472807,-1.13894803969152,-1.26188470946092,-1.29836016337809,-1.50628588109649,-1.94517641007573,-1.67318622737435,-1.76538023303505,2.00894906578824,1.09102683005314,0.04281920213925,-1.84074557457584,-0.65655015372499,-0.192499646117791,-0.73804575179471,-1.87066406625995,0.419691971333362,-1.65405395118353,1.76633822543619,0.060282472545149,2.32745809741159,1.73553719406626,-1.3084481355026,2.02206130925249,-0.488181455047308,0.074339266598357,3.57894028881172,-1.09369251265909,N
1675,0.040256544283908,-0.098606557335552,0.754406719316398,-0.109792955150602,-0.446364453267171,0.987353315640045,-0.055777285406861,0.52004426376993,-0.149657178020765,0.737285639521337,0.470785105931566,-0.354996809986572,-0.31370073097055,0.246902682187016,-0.860872213623209,-0.171990824732041,-0.142934222474435,0.109867184388015,-0.467071404318173,0.2674292555012,0.304711478398368,-0.308454657513496,-0.884774053475958,-0.536008924181088,-0.506509641818117,-0.131223329914761,-0.423347942965834,0.092717800634109,-0.112215937889326,-0.708477811565583,-0.360641229692408,-0.14263198409747,-0.80885975016377,0.259612410489437,0.83213187900745,0.153055106409736,0.540529213646357,0.277745741510023,0.223130033090532,0.693834299203144,1.80237677211672,N
1692,0.951074168633873,1.33056982516396,-1.7140349384444,0.516922360168486,0.837673648193947,-0.310408349470714,2.38904902876218,1.10500242884503,0.476575998776668,3.86017627635638,1.02089976759788,0.875271401802065,1.43077627832137,1.54704964391878,0.865357824540549,1.04088117521934,0.262516609056953,0.729111731947094,0.331742478189537,1.64331665927292,2.76609787371168,-1.23143609297012,0.643420688610419,0.948396184975593,1.16522306626721,0.231632666880735,1.58864588738689,1.55162500720414,1.14016448974776,1.53078056047104,0.52879637617766,-0.975653048151301,-0.724966621903852,-0.82914090809405,1.58821859926461,4.0857437598255,-1.35206986449233,0.752699052918756,1.06660938725761,0.483297250881618,0.299258393932534,N
1715,0.185658656798573,-0.907523013559888,2.01422086415223,-2.02597916180755,-1.93792238422104,1.66637729601394,-1.20666239375331,-1.40412922491544,2.097433589326,-1.21942840307551,0.013469098934119,-0.678761408646294,0.859983591868718,-1.36989713509219,-0.027718962127077,-1.16633341204738,-1.06292990367478,-0.634986783636282,-1.93352385629702,-0.040724488782007,-0.457615182885274,1.98360171243475,0.674368561216424,-0.244717444092619,-1.22394682546893,-0.265587817427808,-0.249119101600349,1.12015021847429,-1.38417783502826,-0.654377141873711,-1.15372525654331,-0.382819272432662,-1.09231100212352,3.47621029832093,0.045117599827853,-1.13117523571635,2.8937423825355,-0.447883458563107,0.411566280159596,0.542266177951426,-1.63435753052836,N
1727,-0.108073304255379,0.003608880440924,-0.713361439315046,0.320890260327212,-0.56080948166025,-0.645625486432062,0.648107754311159,0.676250779381675,-0.200098209382808,1.07101786145343,-0.640671708953595,-0.071294791603697,-1.30258510822864,0.234731175612648,-0.857208837016589,-0.254186399138643,-0.352538554002424,0.10630901797122,-0.137945313430319,0.550465182658671,0.063243753407047,-0.572373701217616,-0.386728946725876,-0.136425215066239,-0.531261572650372,-0.352480250161145,-0.571867879105495,0.552219912036699,0.37716937400437,0.286159802558252,-0.087846668659921,-2.46651240850305,-1.88891740302765,-0.429510791242459,0.600628409575584,1.08697497755518,-0.169701147878193,-0.052075714268383,0.288395413609308,0.255209217741141,0.299920657519305,N
1742,0.30014954291766,-3.01868151518409,2.31981505376731,-2.97824996243994,-2.8565115531789,2.37856909131458,-3.01391957488642,-0.226106821795582,0.75193223640167,-2.91165340464815,2.06302671406481,-2.65238753205565,-0.227924867765001,-2.64633063334015,-2.53402807254324,-2.41644975854257,-2.01882031557793,-2.86712166284697,-2.09703201003942,-3.76726692357147,-2.85115141106949,2.46932982535404,3.81294578349938,0.570026422522732,-3.86574856348457,-3.34934973684399,-2.04162477577846,-1.53488157828043,-3.04787815210028,-2.17892361516123,-2.80176216499896,1.14830561458983,0.232953555309864,-0.134982236833388,2.24387255561121,-2.91572779232596,0.354172899671987,-0.27286772462953,-1.74179822044254,3.31687568289759,-0.681476627944438,N
1744,0.358734803372115,0.27422931605773,-0.48615109464634,0.638571244776462,0.489353899712402,0.370095937453016,0.869032758940668,0.772800935143949,-0.009386366364589,1.58556801200764,0.342568189982721,0.459997699053301,-0.380182111629219,0.543934807895907,-0.237168746082001,0.370547018875502,0.313644293558235,0.551889767474214,-0.014271509092796,0.239701795709857,1.22081520926609,-1.54787653833259,-0.305648191390697,0.248834434884167,0.202013030086692,0.133112321740126,0.060430920381079,0.510798135573101,0.192795043996297,0.104236994236272,0.253860106992862,-0.76112431850834,-0.972105179545675,-0.225557919081482,0.718962072541013,1.22699649925747,-0.143561153647251,0.156480414751711,0.54585635992345,0.198451067051131,0.956639454086169,N
1750,-0.010131798712615,0.044156581913669,-0.700468849364693,0.791201778441137,0.382958811303785,-0.559697933248028,0.651007335754919,1.32086048212927,-0.102531624906176,1.62494880564776,-0.423183913887235,0.254580423327924,-1.5638204264286,0.882596564372033,-0.119933441572895,-0.041410402682571,0.443490219571396,0.501966089134033,0.413791342741493,0.383942231970136,0.981351912885731,-0.168420906550731,0.026780384079539,0.205423453417489,0.284293511971664,0.099358769412005,0.611508838664767,0.627299467560079,0.384634661808802,-0.051316674207573,0.102207855902821,-0.854762083591864,-0.580833829423607,0.39847463895188,0.858079060151313,1.07230708785444,0.091565748966667,0.949720159543078,0.458362344829093,-0.024970563421261,0.390929059168748,N
1760,0.092690686363745,0.290841054020663,-0.302413754411813,0.379690716950697,0.221860321070696,-1.20612438268747,-0.493417477807231,0.172558751745998,-0.090698024308236,-0.188752092253673,-0.929603443816385,0.551996275510173,-0.972204348447499,0.464978825023921,0.027800410295424,0.290279405640124,0.66670946764018,0.033551862727042,1.04378779959125,0.263215790451568,0.258869587290771,0.827672238015645,-0.092250453850106,0.402383065262175,-0.175151774624942,-0.175729717373398,0.42790851771748,-0.084205291261372,0.611364786202042,-0.53210913259763,0.358816577948316,-0.188592062484411,-0.512755885346458,0.781726970029895,-1.72918814159146,-0.123051394305801,-0.242190131636354,-0.504235792558649,0.388933960492815,-0.103561678000227,-0.173173742305146,N
1777,-0.098762612447475,-0.038883251134926,-0.015978264947516,0.291792538730644,0.297236606186414,0.628978699502934,-0.14421770456483,0.087757543848672,-0.266338779500096,0.221025720072244,-0.097348879874505,0.048691571636079,0.004487125016125,0.362220819621536,-0.198493367925188,-0.186510525630675,0.111762450638315,-0.3678779779127,0.300953177523883,0.208582039485039,0.39906670455299,0.051714166778448,-0.158826218925673,0.122094125914025,0.060784580359897,-0.056731717479071,-0.075950922507049,0.519839983997726,0.102934263954745,0.230243172181835,0.472503869073019,-0.159606232580223,0.278812770200942,-0.545136363868404,0.92297861037081,0.599553685719572,-0.228197824012634,0.829227898434915,0.460749906479199,0.059101711494269,0.743450090590278,N
1786,-0.044884419081396,0.272126114055136,-0.460133729637412,0.265716072199512,0.335031609817593,-0.732385687376475,-0.474112026009029,-0.709358144642154,-0.020036843918361,0.457953044828808,-0.33490954489789,0.126315092712159,0.394132194973097,0.178077375114964,-0.239361795758472,-0.576877264212769,-0.318689712329437,-0.588479983897558,-0.293956025237046,0.466019015113268,-0.070669903009422,0.18678082042796,-0.150838887916517,0.125342146436181,0.121914075909801,-0.14092211463173,-0.23419834635465,0.768649136689134,0.297536255847153,0.823693512161202,0.275746481949359,-0.370887056170095,-0.501273088423229,-0.297971156514603,0.976503934253611,1.26935891588186,-0.289343412154571,0.050364639600934,0.577088909198867,-0.289579940683845,-0.016851021967071,N
1795,-0.439227762858486,-0.282097802024234,-0.356400107182699,0.49610619756069,0.26907797706941,-0.240958419174646,0.49049631476456,2.53297740061758,-0.47333086008488,-0.100417932418731,-1.54247230403131,-0.056121300652949,-0.889632411870755,0.541783610354815,0.284438337514407,1.00676147190102,2.27625832918076,0.656828106071452,2.49401097335597,-0.426421244765548,0.516472489285913,0.973998009821143,-0.44829663315615,-0.358316417323137,-0.1597956266127,-0.228103262341353,0.483402638040325,-0.292021283604617,0.027180540153217,0.270103111443657,-0.004767044982357,-0.267601811374842,1.50260858234926,-0.019027567142138,-0.052204943892011,-0.268172693486208,-0.580229892684328,0.838624556908317,0.38943947541649,0.367271844070838,0.435785157231883,N
400,2.0945965155838,-2.87078719911132,0.752250620697178,0.143612197644303,-3.10077480677146,2.42157955612553,-0.51539756102922,-1.10576882106704,-0.542349185792408,-2.80182501043006,2.29532597854163,-3.63390158355695,-0.128058335272591,-2.57847968266055,1.56844288726829,-3.0644704224344,-2.2208144293657,-2.98418469797356,-0.534395660999955,-1.72962523449838,-2.33020130960696,0.044106626894173,-4.85347015590093,1.93757443760951,-2.05949737887829,-3.8767766271936,-1.99048185669998,3.59315465266081,-3.24898069680243,-3.49701192877992,-3.22400445875201,2.37461384124267,0.75750777763467,0.634937473208834,2.67423247939774,-3.21522287749626,-2.02880598053012,1.76920351655882,-4.2450908857941,-1.09761923239943,-0.096552462228358,S
425,2.26200243335617,1.69223249861589,0.310357260323861,1.16590366346109,0.413426434845507,0.829378761315876,0.58032421168062,-1.80556224291111,1.04307580946993,-0.15390116615362,1.82965744413584,3.08563827650892,2.24894372509898,1.96941088342262,3.16749925365834,2.44416670391708,-1.52106089808409,2.21895670642442,-0.804109253459799,2.55300948896359,0.163663945298312,0.982895149428122,2.10127295169438,2.38125298318132,3.76079154195307,3.51642132704453,1.80647453733068,2.153369668747,2.21778345335352,1.06346371338748,2.59836776575676,2.02474945432513,1.54811240949966,-0.547306209268895,-0.215162544243108,-0.136874772006808,0.321382477819686,0.693387073421953,-1.74978618241083,-2.224260621214,-1.4732504050965,S
691,-3.21164229209379,-2.38302747716844,2.22500277323471,-0.334324382334422,0.751176752343075,1.81761122529627,-2.6718499188825,0.382228989814697,-5.27988555443246,-2.5079629218349,2.17600199679516,-1.69843763396229,1.14173807002538,-2.02325465134646,-1.60873189256411,-2.04614113825564,-0.369776418539675,0.637030308820442,-0.626752275029501,-2.9571454507036,-2.38147258601685,2.34088231222491,0.887701959411024,1.66893932023648,-3.24858782340547,-1.51086301747114,-2.71224381875827,-4.53981624746315,-0.602733901520453,-1.13445347971753,-1.0433146798629,1.8812348041648,1.55237285431394,1.63691852427224,2.23465861181729,-2.65551984067101,2.70726811500561,2.42240842473884,-3.03468899293867,-0.231693278878937,0.878696841519,S
756,-0.724161897695974,-1.09839100328587,-1.58648281702396,0.262030958289986,-0.043262492666173,-1.31493592624576,0.087440364451328,0.711675274924964,-0.748027139936397,-0.507860681666838,-2.80390929727403,-0.571631948607296,-2.14518486933226,-0.241987729172048,-0.41133574663703,0.208303982420121,1.15060719878584,0.10658415711505,1.06693393656204,-0.340440891541601,-0.084379373989829,-2.1756473222028,-0.439447711607984,-0.608441183332277,-0.473282067070846,-0.418828765932635,0.283038231336936,-0.642473758695342,-0.577703283937659,0.131817626259762,-0.567802452427322,-0.011067590877015,1.25620523157755,0.532037331331909,-1.40512874726637,-0.077119790103227,-0.708164468340487,1.35153045716857,-0.263888155797527,0.097795452291095,-0.028789902537703,S
981,-1.43244822873489,-1.38320729786165,1.25737678544055,-0.310140350966517,-0.352647989470726,1.14385933378855,-0.891503456613791,-0.284495669066543,-1.03964455843075,-1.03329786931799,0.261721171970368,-0.499896691966513,-0.370132393301949,-0.776672715081928,-1.12334829335006,-0.192009073989847,0.329833155428185,-0.437416002529729,-0.297519219769084,-1.22271498279414,-0.828165342428314,0.932728000815303,-0.767275342142099,-0.70541664197281,-1.10896994788811,-0.920275230765108,-0.648712292741498,-0.980312280572349,-0.644383814873225,-0.906766892246351,-0.477543223852476,0.08515046390478,0.336383209737909,-0.737900524266451,1.00760962106263,-1.05614478510837,0.028231831003772,0.534018936152869,-0.415871403065647,1.08294667351884,1.84322066160964,S
1482,0.375256392064535,-0.283126004937465,-0.207641752204446,0.269807899935608,-0.086640885716458,0.171239360286169,-0.305280073732339,1.52108872027517,-0.322899445580419,0.032517546377376,-0.25671484343058,0.225638190143984,-0.803671296829163,0.765596422001816,0.152549227428209,1.43900336909279,0.705090102939057,0.311031665948179,1.78475821495896,-0.371107993851555,-0.148802216371061,0.208159842988323,0.017475852267237,0.163378072140045,0.598712183645722,-0.360585281209289,0.70906004127129,-0.697676050065636,0.711301524385009,0.713065855336734,0.592151261306681,-0.683934867415783,-0.198538320396312,0.149257104290012,-1.77410524979129,-0.028999411502344,0.087657320449868,0.396624422712088,0.157226423004776,-0.099280952015987,-0.401962624137195,S
32,0.739604381216774,1.79829014251078,1.90842011074206,-2.4426397986812,1.59560218045376,1.35995876754621,-1.63749591276304,-1.79268554963194,0.125880216735954,-0.828840681959911,1.63170427385966,-1.24273095179415,1.27469850600587,-2.20505497597797,0.496125730486083,-1.82803524481518,-2.05449204495119,-1.78066473373812,-0.770899402975224,2.27602606166185,-1.61991541829243,-0.984806290686522,0.09769944037584,0.530779808562229,-0.231803787692205,1.21746885900924,1.25001345618492,1.51201123275496,-1.11627289665218,0.648447733371508,-0.616861313893914,0.255055966262898,-1.28200186371672,-1.04101451190262,2.08507193575108,0.147366372292719,3.38715558055553,-1.18115288097334,5.33183783875839,-1.07101910108778,-0.218863791769604,S
102,-0.433939388685027,0.138510392246085,0.289232874498294,0.377107422963414,1.21115535670225,-0.807502474429845,0.984174031956802,0.379439034902634,-0.080894449842687,0.807368574887376,-0.427005670734534,0.289403228414989,-0.525917173173833,0.188009951271138,0.67150838806275,1.27744505863075,0.513620216852757,0.057132479749054,0.82973190157625,-0.173500383936169,1.51612784337734,-0.403863719216544,-0.184199163374507,-0.485435168392652,0.149365439748547,0.001110747609444,0.625577932472027,-0.006690601242853,-0.136390615385093,-0.040191835457854,-0.823619849007088,-0.992268849220859,0.445045237869926,0.335431095437906,0.613770606293871,1.08338187356242,0.010866793977589,0.538974088280079,0.58805212697091,0.090818667674209,0.85859388543284,S
158,-0.244477053092084,-0.383204280547022,0.483822875848763,-0.833882029335578,-1.82757217404117,-0.768903940336429,-0.038432601616483,-1.15532998632873,-0.35278103409983,0.242013282887473,-0.428592305081773,-0.673818968127576,-0.361542986519052,-1.17629978059316,-0.648202900196611,-0.821542909132598,-0.878672114724988,-0.671157912741147,-0.616333470673716,0.539963009449141,-0.463998975944998,0.243800707115719,-1.06000232244169,-0.978801107435702,-0.300665043025052,-0.142806101799867,0.488709871601685,-0.561487615122776,-1.00825419775413,-0.282492635450582,-0.62831282891836,-0.246006938151507,-1.04988260770032,0.594084501157217,-1.32693055017912,-1.6021376810438,-0.949556841971259,-2.36836563947691,-0.028396834641709,-1.15233964293682,-0.474275491312004,S
487,0.107632168908143,0.144299193601333,-0.987750946400204,0.826939506493644,0.195683637489565,-0.863836582300827,0.501464802711225,1.50095126855994,-0.270398076552475,0.81194405785348,-0.480858288572072,-0.099470368058786,-0.43533755158386,0.678787086892014,-0.127579740577009,0.193535207216253,0.813737077240283,0.748950909126394,0.322282359802675,0.378088886243126,0.772918953020938,0.376881224756591,-0.071868896841091,-0.175725462576359,0.01677701809641,-0.230685813821343,0.620737968527341,0.258328579852942,0.243629504333755,0.193659051714981,-0.145397596959702,-0.863996945915025,-0.613161704595228,-0.183994701393587,0.533523300526952,0.581033431352576,-0.59198879192488,-0.454201771064373,0.387091589847558,0.247084454944831,-0.013985558595958,S
531,-2.13492259903744,-1.160474722632,0.211951461650368,-0.690132945210539,-0.895616813758515,0.805550706321398,-0.928408068747232,-0.796533461415451,-0.879696912435616,-0.576608344511982,-0.670497840729067,-0.709470704735782,-1.08964238581459,-1.03154410212138,-1.25957723084684,-1.22470168384275,-0.418195322102224,-0.702871115051641,-0.482889136633397,-1.20071092564975,-1.27033777957684,0.02635326607958,-0.94378898626058,-1.41938331114422,-0.657130678569141,-0.650457687221334,-0.722084049312877,-0.913392488390114,-1.16917692589081,-2.03763089043939,-1.04867474166504,-0.157572291533529,-0.24847043944231,-1.17077044874424,-0.952122297331087,-0.70254813192454,-0.640852127397529,-0.224675558474588,-0.625528173901655,-0.354569362907857,0.517034824733216,S
743,-0.837419143340031,-0.629081930693587,-0.158288745639702,-0.070582761707249,-0.656775621173409,0.109992523541686,-0.822018972168024,0.767639956747729,-0.945502984072649,-0.472223444557224,-0.783349910710377,-0.612044986225589,-0.080405885297151,-0.266441219554834,-0.518782852824367,0.66153574055503,0.585374314624106,0.022796741196891,0.667093823886974,-0.895201022783585,-0.579355361517266,-1.00255745173509,-0.674332929974363,-1.14455589440192,-0.113509983971757,-0.872132803268103,0.414387751606645,-1.09829028831619,-0.867138464513679,-1.0061019386845,-1.0958838552706,-0.462365767939791,1.05482729441878,0.239861911842861,-0.989919736942329,0.507255574946595,-1.08519038284013,0.821327520289016,-0.518850400920565,0.147735620806591,0.538276867517267,S
820,0.382602009490438,-0.175352011408397,1.25029319574462,2.78007105420004,4.22198542887821,-0.09058278780839,-1.5639308538049,-0.296741874557463,-0.891437334608007,-1.36369182769406,0.245199855463632,1.58916477246471,1.87105362049562,0.922245723343895,-0.227634835772129,-0.529046680986295,2.46332151529857,3.75617612317623,0.211034325678625,-0.870836786345131,0.53578179260186,1.58895497219733,2.12163983398607,1.7742932797316,-0.972056989590018,2.58595437692848,-2.32077812909601,0.374629580963943,2.14422259095732,2.23552886628307,2.19320567638072,1.94078710183972,1.35724684053568,3.23071494776573,1.32502919311392,-1.4325822173144,2.4137728550342,2.74403865361642,-1.09074359017487,0.83095500445104,-0.327867545930983,S
885,0.150146924819264,-0.54226826311693,0.971883311601239,-0.121089103399408,-0.631540357577549,1.17983866399731,-0.825069697153673,-0.342074865238949,-0.608752219777154,-0.534567193179075,1.56650095172055,0.515188939528694,-0.15107829807919,0.758141042102618,-0.116634299900199,-0.900342650899111,-0.608421891690865,-0.383199981876518,-0.065211361167672,-0.312622880369635,-0.691553260470588,0.884616733642488,-0.873018965797844,0.704173876442345,-0.515155351322954,-0.068667002328975,0.25750470082036,-0.34661254986628,1.1893450269681,-0.654991297527672,0.176906120388517,0.217207162443004,-0.828119778414856,0.09766279537536,0.304271846138034,-0.462595704197968,0.636660363498495,-0.531973856927926,0.059517787818915,1.38621851621067,0.41764742128518,S
905,1.87101107646362,2.6146474388487,0.520291311598182,2.22631101700953,2.42868047468996,-1.02366524611016,3.31390064579695,1.00678212176113,0.756251865872797,2.80769728654511,1.15698932972199,1.46880608880079,1.09157202784735,2.67963582598139,1.87549992992307,1.01181942721975,1.46596269827384,1.81334872622331,1.59776240758473,1.45605186124122,4.22542844935447,0.897206946807632,1.65438635176425,1.7352318219596,1.29345691848129,2.17000563619906,2.97036125979434,1.52168479730315,3.39293427864082,3.78262113359372,2.55429900451779,1.36635077392428,0.282502554158033,1.35529393121193,0.956585222037012,1.95691984990057,0.910164974767112,-0.723431199360797,1.46852300539952,0.863467280469384,0.745935482920017,S
1485,-0.912864218208931,-0.029339515704417,-0.72680363369392,-1.21633195209892,-1.41007672333896,-0.638539496246728,-0.56299697181423,-1.07783057203968,-0.328759210814558,-1.33086898746648,-1.2229600295086,-0.757336380752493,-0.695042798133822,-1.34516032897019,-1.40089668682678,-0.922575958838793,-0.973556971129129,-1.36592849431913,-0.953019700678826,-0.547849581154622,-1.28679921746328,-1.00718502722808,-0.474191584010727,-1.407915666558,-1.12616297083321,-1.13918148892847,-1.19989600209512,-0.664356720873367,-0.41050430743612,-0.561865218865376,-1.03353168550729,-0.126450301700365,-1.00126385464994,-0.945626763398529,-1.10280714286271,-0.503338537031012,-0.288156210161259,-1.06819412497817,-0.730364836216575,-1.03689578724501,-1.01127928572685,S
348,0.147851643482767,-0.036055365905657,-0.110413925367664,-0.155266202882173,0.275164695090211,-0.316622279098265,0.156953922121462,0.023148391041554,2.14963164299321,0.29923848116889,0.094186419315908,0.550503615171365,0.376204622940284,-0.004972115700019,0.001361956573127,0.135212205097653,0.229930972384134,-0.253296036207421,-1.56142780041615,0.406797209597152,0.24902229192846,0.161864908997235,0.002722979373088,0.271513452251846,0.489189384049544,0.164557114137944,0.449553028221467,-0.196844137212569,0.191010722312913,-0.225454135350251,0.678097437708866,0.599580335236165,0.760562451174396,0.493804974893997,0.005549459537753,-0.37712597635468,-0.212734458075133,0.432245384806735,0.14298908341111,-0.214840012052356,-1.84186110633625,S
593,2.26482609362966,1.0169657029799,1.72702512457264,1.80307778982467,-0.866763428055519,1.55641522203731,1.06402538692686,-2.06974181500936,0.836341616262812,-0.46331405460638,1.86684823970019,1.93555394196584,2.17754309432546,0.686014725791118,2.09495802031589,2.13763788630999,-1.74942034054906,1.46453639537764,-0.639961968939376,2.19304759912407,0.50139456196396,1.16560572612514,1.02745848783555,2.12780070763372,1.25911324676852,2.18424902344355,-0.64955228621032,1.63942821103159,1.98446882618486,1.27832784506209,2.27973498734732,2.03155953907043,0.214864231802096,-2.9067226961926,-0.54761323967927,-0.864977797275544,1.7446313041662,-0.245039012515904,-2.94753973423652,-2.36715356791513,-1.57389368388426,S
1503,-0.925980700201353,1.61258391826736,1.88995616525183,-0.259111738810558,0.631676102970115,1.13660181225459,-1.02817821810847,1.99717132803083,-0.879072610554479,-0.029744572956725,1.50177102593301,0.405271106585821,-1.08944589485042,0.354787151609113,-0.237674747905343,-0.097584545029593,-0.217242055218099,-0.431847531064175,1.90939607373879,-0.60957821670239,-1.34559330352616,1.79956405945391,-0.312415324010084,1.1563825653746,0.495524141906557,-0.553434307661714,0.085320767185059,-0.269551462115151,0.022544784885862,-0.376624773385847,0.41361820274198,0.9483288178389,0.861469879546348,0.938845238708947,0.953486746240593,-1.01109658054154,1.96355824260158,0.466608065672176,0.25179922539011,1.61751953477518,1.12874661816925,S
61,-1.43842143391306,-0.779178036903322,0.169887037503481,-0.984948787353108,0.769245529823959,0.386526916567015,-1.11154962180707,-0.718681272752094,-0.877022707745405,-0.590851406392113,-1.51861442488898,-0.952265308855011,-1.53351043564771,-1.1645204568304,-0.741963410728791,-0.112180182804965,-0.827744181158356,-1.03073864649435,-0.480110186812182,-0.582833832960878,-1.14043056754393,-0.329253205647803,-1.28110352748451,-1.34121011487021,-0.913776771684774,-0.780169503380023,-0.394041396415864,-0.781410110685538,-1.08653882673235,-0.878874344605117,-1.40108313865449,-0.665689923501763,0.522091605077884,-0.309861719222996,-0.042333231698019,0.157687942740591,-0.191942150771825,1.05550997511923,-0.462892866004662,-1.45542445346946,0.242696886733804,S
98,0.838316875389402,1.0444854294476,-0.178087544234134,0.519928792734059,0.911616700806767,0.409382876385121,0.273330534422557,-0.185630643102173,-0.084921053912953,0.175537501814321,0.630609334448969,0.480104966190709,0.249167595039473,0.142145245862954,0.550921568125785,0.267329716269765,0.534517758878681,0.730399910549085,-0.313424540917618,-0.303585568736824,0.72419335225913,0.772958487958917,0.205586693843314,0.750978503762072,0.121999594619491,0.475860147640158,-2.05825845696057,-0.026516043688217,0.674145248784256,-0.108273503394281,0.592294507802187,-0.245960758047809,-0.428997080561631,0.545026139727384,-0.139808836705924,0.632598817604078,0.710477236166114,1.02829569389469,0.535193722915537,-0.332484414177938,-0.469418582546373,S
563,0.823899500278821,0.170031273172301,0.342381459967743,0.314571531248354,0.301419651188523,0.188116378542468,0.763408139484575,0.819423884015868,2.15747932353494,0.418581485939538,0.617953007333054,0.694717081261553,0.818651891955549,0.530156929967615,0.104138163121439,0.404909766949238,0.446834061325268,0.464329950577387,-1.44740514605945,0.006278081762946,0.867556784876843,0.297214999125217,0.318143284678549,0.239088540078153,1.06989315880771,0.409222270909434,0.547088544068647,-0.173519569864057,0.294356131359924,0.684924228486628,0.697516071300296,0.632200815290848,0.80225926030216,0.833910863363769,0.248001791456087,0.327788443260032,0.267050367034075,0.628390957745461,0.091625770726317,0.533078773543378,-1.60661686646722,S
598,-0.807831560922419,-0.693477654069052,0.687473319422896,0.082050310489311,0.824169719231602,0.576997643320615,-0.814911885791564,2.01919329991496,-0.618388479583672,-0.406353182187646,-0.618288059545346,-0.40422777447157,-2.28648822638911,0.333259826788488,-0.41381219992789,-0.076393271242533,1.18920262462257,-0.189926839224523,1.65022851401028,-0.227569837558744,-1.01970905324952,1.92851021747241,0.305709834020366,-0.181429334639497,-0.215671440538014,-0.575353205359355,-1.13777448524999,-0.36411541237418,0.042573807432068,-0.710957391395828,-0.330446110729022,0.146521573110972,1.36048963760879,1.47519164263915,-1.62766862332768,-0.763120677926992,0.563944273431929,0.924952375241594,0.132077139579097,-0.012094946531139,0.316363783618901,S
