ID,NumberAtts,Atts,metricOpt
14,15,"RPS16|6217,uc002olk.2 C7|730,uc003jmh.2 SHISA3|152573,uc003gwp.2 uc003zlc.1 KRT14|3861,uc002hxf.1 KRT17|3872,uc002hxh.2 MMP3|4314,uc001phj.1 KRT6B|3854,uc001sak.2 DNAJC5B|85479,uc003xvs.1 LOC642587|642587,uc009xcn.2 S100A7|6278,uc001fbv.1 S100A2|6273,uc001fcb.2 MASP1|5648,uc003frj.2 PVRL4|81607,uc010pjy.1 C17orf87|388325,uc002gbh.2",0.902
13,14,"RPS16|6217,uc002olk.2 C7|730,uc003jmh.2 SHISA3|152573,uc003gwp.2 uc003zlc.1 KRT14|3861,uc002hxf.1 KRT17|3872,uc002hxh.2 MMP3|4314,uc001phj.1 KRT6B|3854,uc001sak.2 DNAJC5B|85479,uc003xvs.1 LOC642587|642587,uc009xcn.2 S100A7|6278,uc001fbv.1 S100A2|6273,uc001fcb.2 MASP1|5648,uc003frj.2 PVRL4|81607,uc010pjy.1",0.897
12,13,"RPS16|6217,uc002olk.2 C7|730,uc003jmh.2 SHISA3|152573,uc003gwp.2 uc003zlc.1 KRT14|3861,uc002hxf.1 KRT17|3872,uc002hxh.2 MMP3|4314,uc001phj.1 KRT6B|3854,uc001sak.2 DNAJC5B|85479,uc003xvs.1 LOC642587|642587,uc009xcn.2 S100A7|6278,uc001fbv.1 S100A2|6273,uc001fcb.2 MASP1|5648,uc003frj.2",0.89
11,12,"RPS16|6217,uc002olk.2 C7|730,uc003jmh.2 SHISA3|152573,uc003gwp.2 uc003zlc.1 KRT14|3861,uc002hxf.1 KRT17|3872,uc002hxh.2 MMP3|4314,uc001phj.1 KRT6B|3854,uc001sak.2 DNAJC5B|85479,uc003xvs.1 LOC642587|642587,uc009xcn.2 S100A7|6278,uc001fbv.1 S100A2|6273,uc001fcb.2",0.888
10,11,"RPS16|6217,uc002olk.2 C7|730,uc003jmh.2 SHISA3|152573,uc003gwp.2 uc003zlc.1 KRT14|3861,uc002hxf.1 KRT17|3872,uc002hxh.2 MMP3|4314,uc001phj.1 KRT6B|3854,uc001sak.2 DNAJC5B|85479,uc003xvs.1 LOC642587|642587,uc009xcn.2 S100A7|6278,uc001fbv.1",0.886
9,10,"RPS16|6217,uc002olk.2 C7|730,uc003jmh.2 SHISA3|152573,uc003gwp.2 uc003zlc.1 KRT14|3861,uc002hxf.1 KRT17|3872,uc002hxh.2 MMP3|4314,uc001phj.1 KRT6B|3854,uc001sak.2 DNAJC5B|85479,uc003xvs.1 LOC642587|642587,uc009xcn.2",0.881
8,9,"RPS16|6217,uc002olk.2 C7|730,uc003jmh.2 SHISA3|152573,uc003gwp.2 uc003zlc.1 KRT14|3861,uc002hxf.1 KRT17|3872,uc002hxh.2 MMP3|4314,uc001phj.1 KRT6B|3854,uc001sak.2 DNAJC5B|85479,uc003xvs.1",0.877
7,8,"RPS16|6217,uc002olk.2 C7|730,uc003jmh.2 SHISA3|152573,uc003gwp.2 uc003zlc.1 KRT14|3861,uc002hxf.1 KRT17|3872,uc002hxh.2 MMP3|4314,uc001phj.1 KRT6B|3854,uc001sak.2",0.871
6,7,"RPS16|6217,uc002olk.2 C7|730,uc003jmh.2 SHISA3|152573,uc003gwp.2 uc003zlc.1 KRT14|3861,uc002hxf.1 KRT17|3872,uc002hxh.2 MMP3|4314,uc001phj.1",0.87
5,6,"RPS16|6217,uc002olk.2 C7|730,uc003jmh.2 SHISA3|152573,uc003gwp.2 uc003zlc.1 KRT14|3861,uc002hxf.1 KRT17|3872,uc002hxh.2",0.843
4,5,"RPS16|6217,uc002olk.2 C7|730,uc003jmh.2 SHISA3|152573,uc003gwp.2 uc003zlc.1 KRT14|3861,uc002hxf.1",0.828
3,4,"RPS16|6217,uc002olk.2 C7|730,uc003jmh.2 SHISA3|152573,uc003gwp.2 uc003zlc.1",0.805
2,3,"RPS16|6217,uc002olk.2 C7|730,uc003jmh.2 SHISA3|152573,uc003gwp.2",0.744
1,2,"RPS16|6217,uc002olk.2 C7|730,uc003jmh.2",0.743
0,1,"RPS16|6217,uc002olk.2",0.5
