ID,NumberAtts,Atts,metricOpt
8,9,"RPS16|6217,uc002olk.2 C7|730,uc003jmh.2 uc003zlc.1 KRT14|3861,uc002hxf.1 KRT17|3872,uc002hxh.2 MMP3|4314,uc001phj.1 CLCA2|9635,uc001dlr.3 PVRL4|81607,uc010pjy.1 CRABP2|1382,uc001fpr.2",0.853
7,8,"RPS16|6217,uc002olk.2 C7|730,uc003jmh.2 uc003zlc.1 KRT14|3861,uc002hxf.1 KRT17|3872,uc002hxh.2 MMP3|4314,uc001phj.1 CLCA2|9635,uc001dlr.3 PVRL4|81607,uc010pjy.1",0.852
6,7,"RPS16|6217,uc002olk.2 C7|730,uc003jmh.2 uc003zlc.1 KRT14|3861,uc002hxf.1 KRT17|3872,uc002hxh.2 MMP3|4314,uc001phj.1 CLCA2|9635,uc001dlr.3",0.845
5,6,"RPS16|6217,uc002olk.2 C7|730,uc003jmh.2 uc003zlc.1 KRT14|3861,uc002hxf.1 KRT17|3872,uc002hxh.2 MMP3|4314,uc001phj.1",0.841
4,5,"RPS16|6217,uc002olk.2 C7|730,uc003jmh.2 uc003zlc.1 KRT14|3861,uc002hxf.1 KRT17|3872,uc002hxh.2",0.817
3,4,"RPS16|6217,uc002olk.2 C7|730,uc003jmh.2 uc003zlc.1 KRT14|3861,uc002hxf.1",0.807
2,3,"RPS16|6217,uc002olk.2 C7|730,uc003jmh.2 uc003zlc.1",0.77
1,2,"RPS16|6217,uc002olk.2 C7|730,uc003jmh.2",0.745
0,1,"RPS16|6217,uc002olk.2",0.5
