ID,NumberAtts,Atts,metricOpt
7,8,"RPS16|6217,uc002olk.2 C7|730,uc003jmh.2 uc003zlc.1 KRT14|3861,uc002hxf.1 MMP3|4314,uc001phj.1 uc002gqq.1 KRT6B|3854,uc001sak.2 DNAJC5B|85479,uc003xvs.1",0.909
6,7,"RPS16|6217,uc002olk.2 C7|730,uc003jmh.2 uc003zlc.1 KRT14|3861,uc002hxf.1 MMP3|4314,uc001phj.1 uc002gqq.1 KRT6B|3854,uc001sak.2",0.905
5,6,"RPS16|6217,uc002olk.2 C7|730,uc003jmh.2 uc003zlc.1 KRT14|3861,uc002hxf.1 MMP3|4314,uc001phj.1 uc002gqq.1",0.896
4,5,"RPS16|6217,uc002olk.2 C7|730,uc003jmh.2 uc003zlc.1 KRT14|3861,uc002hxf.1 MMP3|4314,uc001phj.1",0.892
3,4,"RPS16|6217,uc002olk.2 C7|730,uc003jmh.2 uc003zlc.1 KRT14|3861,uc002hxf.1",0.849
2,3,"RPS16|6217,uc002olk.2 C7|730,uc003jmh.2 uc003zlc.1",0.79
1,2,"RPS16|6217,uc002olk.2 C7|730,uc003jmh.2",0.747
0,1,"RPS16|6217,uc002olk.2",0.5
