ID,NumberAtts,Atts,metricOpt
12,13,"DEFB131|644414,uc011bwt.1 CHIA|27159,uc009wgc.2 CHIA|27159,uc001eau.2 INHBA|3624,uc003thr.2 ETFDH|2110,uc003iqb.2 ESM1|11082,uc003jpk.2 APOBEC1|339,uc010sgf.1 GRIK1|2897,uc002ynn.2 GABRD|2563,uc001aip.2 COL6A3|1293,uc002vwq.2 MTHFD1L|25902,uc003qob.2 AQP11|282679,uc001oyj.2 MET|4233,uc011knj.1",1.0
11,12,"DEFB131|644414,uc011bwt.1 CHIA|27159,uc009wgc.2 CHIA|27159,uc001eau.2 INHBA|3624,uc003thr.2 ETFDH|2110,uc003iqb.2 ESM1|11082,uc003jpk.2 APOBEC1|339,uc010sgf.1 GRIK1|2897,uc002ynn.2 GABRD|2563,uc001aip.2 COL6A3|1293,uc002vwq.2 MTHFD1L|25902,uc003qob.2 AQP11|282679,uc001oyj.2",0.986
10,11,"DEFB131|644414,uc011bwt.1 CHIA|27159,uc009wgc.2 CHIA|27159,uc001eau.2 INHBA|3624,uc003thr.2 ETFDH|2110,uc003iqb.2 ESM1|11082,uc003jpk.2 APOBEC1|339,uc010sgf.1 GRIK1|2897,uc002ynn.2 GABRD|2563,uc001aip.2 COL6A3|1293,uc002vwq.2 MTHFD1L|25902,uc003qob.2",0.982
9,10,"DEFB131|644414,uc011bwt.1 CHIA|27159,uc009wgc.2 CHIA|27159,uc001eau.2 INHBA|3624,uc003thr.2 ETFDH|2110,uc003iqb.2 ESM1|11082,uc003jpk.2 APOBEC1|339,uc010sgf.1 GRIK1|2897,uc002ynn.2 GABRD|2563,uc001aip.2 COL6A3|1293,uc002vwq.2",0.98
8,9,"DEFB131|644414,uc011bwt.1 CHIA|27159,uc009wgc.2 CHIA|27159,uc001eau.2 INHBA|3624,uc003thr.2 ETFDH|2110,uc003iqb.2 ESM1|11082,uc003jpk.2 APOBEC1|339,uc010sgf.1 GRIK1|2897,uc002ynn.2 GABRD|2563,uc001aip.2",0.965
7,8,"DEFB131|644414,uc011bwt.1 CHIA|27159,uc009wgc.2 CHIA|27159,uc001eau.2 INHBA|3624,uc003thr.2 ETFDH|2110,uc003iqb.2 ESM1|11082,uc003jpk.2 APOBEC1|339,uc010sgf.1 GRIK1|2897,uc002ynn.2",0.952
6,7,"DEFB131|644414,uc011bwt.1 CHIA|27159,uc009wgc.2 CHIA|27159,uc001eau.2 INHBA|3624,uc003thr.2 ETFDH|2110,uc003iqb.2 ESM1|11082,uc003jpk.2 APOBEC1|339,uc010sgf.1",0.951
5,6,"DEFB131|644414,uc011bwt.1 CHIA|27159,uc009wgc.2 CHIA|27159,uc001eau.2 INHBA|3624,uc003thr.2 ETFDH|2110,uc003iqb.2 ESM1|11082,uc003jpk.2",0.95
4,5,"DEFB131|644414,uc011bwt.1 CHIA|27159,uc009wgc.2 CHIA|27159,uc001eau.2 INHBA|3624,uc003thr.2 ETFDH|2110,uc003iqb.2",0.865
3,4,"DEFB131|644414,uc011bwt.1 CHIA|27159,uc009wgc.2 CHIA|27159,uc001eau.2 INHBA|3624,uc003thr.2",0.851
2,3,"DEFB131|644414,uc011bwt.1 CHIA|27159,uc009wgc.2 CHIA|27159,uc001eau.2",0.726
1,2,"DEFB131|644414,uc011bwt.1 CHIA|27159,uc009wgc.2",0.724
0,1,"DEFB131|644414,uc011bwt.1",0.64
