ID,NumberAtts,Atts,metricOpt
12,13,"DEFB131|644414,uc011bwt.1 CHIA|27159,uc009wgc.2 KDR|3791,uc003hat.1 VIT|5212,uc002rpm.2 GABRB3|2562,uc001zaz.2 RGR|5995,uc001kdc.1 INHBA|3624,uc003thr.2 P2RX2|22953,uc009zyt.1 C22orf42|150297,uc003amd.2 uc010iko.1 FRMD1|79981,uc011egt.1 FLII|2314,uc002gss.1 CEACAM20|125931,uc010ejp.1",0.982
11,12,"DEFB131|644414,uc011bwt.1 CHIA|27159,uc009wgc.2 KDR|3791,uc003hat.1 VIT|5212,uc002rpm.2 GABRB3|2562,uc001zaz.2 RGR|5995,uc001kdc.1 INHBA|3624,uc003thr.2 P2RX2|22953,uc009zyt.1 C22orf42|150297,uc003amd.2 uc010iko.1 FRMD1|79981,uc011egt.1 FLII|2314,uc002gss.1",0.968
10,11,"DEFB131|644414,uc011bwt.1 CHIA|27159,uc009wgc.2 KDR|3791,uc003hat.1 VIT|5212,uc002rpm.2 GABRB3|2562,uc001zaz.2 RGR|5995,uc001kdc.1 INHBA|3624,uc003thr.2 P2RX2|22953,uc009zyt.1 C22orf42|150297,uc003amd.2 uc010iko.1 FRMD1|79981,uc011egt.1",0.965
9,10,"DEFB131|644414,uc011bwt.1 CHIA|27159,uc009wgc.2 KDR|3791,uc003hat.1 VIT|5212,uc002rpm.2 GABRB3|2562,uc001zaz.2 RGR|5995,uc001kdc.1 INHBA|3624,uc003thr.2 P2RX2|22953,uc009zyt.1 C22orf42|150297,uc003amd.2 uc010iko.1",0.954
8,9,"DEFB131|644414,uc011bwt.1 CHIA|27159,uc009wgc.2 KDR|3791,uc003hat.1 VIT|5212,uc002rpm.2 GABRB3|2562,uc001zaz.2 RGR|5995,uc001kdc.1 INHBA|3624,uc003thr.2 P2RX2|22953,uc009zyt.1 C22orf42|150297,uc003amd.2",0.933
7,8,"DEFB131|644414,uc011bwt.1 CHIA|27159,uc009wgc.2 KDR|3791,uc003hat.1 VIT|5212,uc002rpm.2 GABRB3|2562,uc001zaz.2 RGR|5995,uc001kdc.1 INHBA|3624,uc003thr.2 P2RX2|22953,uc009zyt.1",0.932
6,7,"DEFB131|644414,uc011bwt.1 CHIA|27159,uc009wgc.2 KDR|3791,uc003hat.1 VIT|5212,uc002rpm.2 GABRB3|2562,uc001zaz.2 RGR|5995,uc001kdc.1 INHBA|3624,uc003thr.2",0.91
5,6,"DEFB131|644414,uc011bwt.1 CHIA|27159,uc009wgc.2 KDR|3791,uc003hat.1 VIT|5212,uc002rpm.2 GABRB3|2562,uc001zaz.2 RGR|5995,uc001kdc.1",0.874
4,5,"DEFB131|644414,uc011bwt.1 CHIA|27159,uc009wgc.2 KDR|3791,uc003hat.1 VIT|5212,uc002rpm.2 GABRB3|2562,uc001zaz.2",0.864
3,4,"DEFB131|644414,uc011bwt.1 CHIA|27159,uc009wgc.2 KDR|3791,uc003hat.1 VIT|5212,uc002rpm.2",0.76
2,3,"DEFB131|644414,uc011bwt.1 CHIA|27159,uc009wgc.2 KDR|3791,uc003hat.1",0.75
1,2,"DEFB131|644414,uc011bwt.1 CHIA|27159,uc009wgc.2",0.724
0,1,"DEFB131|644414,uc011bwt.1",0.64
