ID,NumberAtts,Atts,metricOpt
13,14,"DEFB131|644414,uc011bwt.1 CHIA|27159,uc009wgc.2 SLC28A1|9154,uc002blg.2 CHIA|27159,uc001eau.2 INHBA|3624,uc003thr.2 ETFDH|2110,uc003iqb.2 ESM1|11082,uc003jpk.2 uc010iko.1 HPGD|3248,uc003itu.2 USP19|10869,uc011bci.1 CLEC3B|7123,uc003cok.3 MTHFD1L|25902,uc003qob.2 SLC43A3|29015,uc009ymg.1 CKAP5|9793,uc001ndh.1",0.999
12,13,"DEFB131|644414,uc011bwt.1 CHIA|27159,uc009wgc.2 SLC28A1|9154,uc002blg.2 CHIA|27159,uc001eau.2 INHBA|3624,uc003thr.2 ETFDH|2110,uc003iqb.2 ESM1|11082,uc003jpk.2 uc010iko.1 HPGD|3248,uc003itu.2 USP19|10869,uc011bci.1 CLEC3B|7123,uc003cok.3 MTHFD1L|25902,uc003qob.2 SLC43A3|29015,uc009ymg.1",0.986
11,12,"DEFB131|644414,uc011bwt.1 CHIA|27159,uc009wgc.2 SLC28A1|9154,uc002blg.2 CHIA|27159,uc001eau.2 INHBA|3624,uc003thr.2 ETFDH|2110,uc003iqb.2 ESM1|11082,uc003jpk.2 uc010iko.1 HPGD|3248,uc003itu.2 USP19|10869,uc011bci.1 CLEC3B|7123,uc003cok.3 MTHFD1L|25902,uc003qob.2",0.957
10,11,"DEFB131|644414,uc011bwt.1 CHIA|27159,uc009wgc.2 SLC28A1|9154,uc002blg.2 CHIA|27159,uc001eau.2 INHBA|3624,uc003thr.2 ETFDH|2110,uc003iqb.2 ESM1|11082,uc003jpk.2 uc010iko.1 HPGD|3248,uc003itu.2 USP19|10869,uc011bci.1 CLEC3B|7123,uc003cok.3",0.956
9,10,"DEFB131|644414,uc011bwt.1 CHIA|27159,uc009wgc.2 SLC28A1|9154,uc002blg.2 CHIA|27159,uc001eau.2 INHBA|3624,uc003thr.2 ETFDH|2110,uc003iqb.2 ESM1|11082,uc003jpk.2 uc010iko.1 HPGD|3248,uc003itu.2 USP19|10869,uc011bci.1",0.952
8,9,"DEFB131|644414,uc011bwt.1 CHIA|27159,uc009wgc.2 SLC28A1|9154,uc002blg.2 CHIA|27159,uc001eau.2 INHBA|3624,uc003thr.2 ETFDH|2110,uc003iqb.2 ESM1|11082,uc003jpk.2 uc010iko.1 HPGD|3248,uc003itu.2",0.95
7,8,"DEFB131|644414,uc011bwt.1 CHIA|27159,uc009wgc.2 SLC28A1|9154,uc002blg.2 CHIA|27159,uc001eau.2 INHBA|3624,uc003thr.2 ETFDH|2110,uc003iqb.2 ESM1|11082,uc003jpk.2 uc010iko.1",0.949
6,7,"DEFB131|644414,uc011bwt.1 CHIA|27159,uc009wgc.2 SLC28A1|9154,uc002blg.2 CHIA|27159,uc001eau.2 INHBA|3624,uc003thr.2 ETFDH|2110,uc003iqb.2 ESM1|11082,uc003jpk.2",0.933
5,6,"DEFB131|644414,uc011bwt.1 CHIA|27159,uc009wgc.2 SLC28A1|9154,uc002blg.2 CHIA|27159,uc001eau.2 INHBA|3624,uc003thr.2 ETFDH|2110,uc003iqb.2",0.811
4,5,"DEFB131|644414,uc011bwt.1 CHIA|27159,uc009wgc.2 SLC28A1|9154,uc002blg.2 CHIA|27159,uc001eau.2 INHBA|3624,uc003thr.2",0.767
3,4,"DEFB131|644414,uc011bwt.1 CHIA|27159,uc009wgc.2 SLC28A1|9154,uc002blg.2 CHIA|27159,uc001eau.2",0.726
2,3,"DEFB131|644414,uc011bwt.1 CHIA|27159,uc009wgc.2 SLC28A1|9154,uc002blg.2",0.725
1,2,"DEFB131|644414,uc011bwt.1 CHIA|27159,uc009wgc.2",0.724
0,1,"DEFB131|644414,uc011bwt.1",0.64
